"","gender","age","mask_YesNo","fully_covering","partially_covering","non_covering","mask_front_touching","mask_strap_touching","face_touching","o_zone_touching","t_zone_touching","in_group","duration_of_observation","change","segment_crowding","study","location","activezone","unique_situation","temp_celcius"
"1",1,18,1,1,NA,0,0,0,0,99,99,1,18,0,28,2,0,0,1,17.7000007629395
"2",1,25,0,99,NA,99,99,99,0,99,99,1,23,0,28,2,0,0,1,17.7000007629395
"3",1,24,0,99,NA,99,99,99,0,99,99,1,26,0,28,2,0,0,1,17.7000007629395
"4",1,20,0,99,NA,99,99,99,0,99,99,0,13,0,28,2,0,0,1,17.7000007629395
"5",1,35,1,1,NA,0,0,0,0,99,99,0,16,0,28,2,0,0,1,17.7000007629395
"6",1,25,1,0,NA,1,1,0,0,99,99,1,16,0,28,2,0,0,1,17.7000007629395
"7",0,38,0,99,NA,99,99,99,0,99,99,1,17,0,28,2,0,0,1,17.7000007629395
"8",1,40,1,1,NA,0,0,0,0,99,99,0,17,0,9,2,0,1,2,30.5
"9",1,50,1,0,NA,1,1,0,0,99,99,1,42,1,9,2,0,1,2,30.5
"10",1,43,0,99,NA,99,99,99,0,99,99,1,19,0,9,2,0,1,2,30.5
"11",1,25,1,1,NA,0,0,0,0,99,99,1,17,0,9,2,0,1,2,30.5
"12",1,40,0,99,NA,99,99,99,0,99,99,1,46,0,9,2,0,1,2,30.5
"13",1,48,0,99,NA,99,99,99,0,99,99,0,12,0,9,2,0,1,2,30.5
"14",1,57,1,1,NA,0,0,0,0,99,99,0,10,0,9,2,0,1,2,30.5
"15",1,45,0,99,NA,99,99,99,1,1,1,0,19,0,9,2,0,1,2,30.5
"16",1,22,0,99,NA,99,99,99,0,99,99,1,15,0,9,2,0,1,2,30.5
"17",0,22,1,0,NA,1,0,0,0,99,99,1,19,0,9,2,0,1,2,30.5
"18",1,45,0,99,NA,99,99,99,0,99,99,1,17,0,9,2,0,1,2,30.5
"19",0,70,1,1,NA,0,0,0,0,99,99,0,15,0,9,2,0,1,2,30.5
"20",1,60,1,1,NA,0,0,0,0,99,99,0,13,0,11,2,0,1,3,20.7999992370605
"21",1,45,0,99,NA,99,99,99,0,99,99,0,18,0,11,2,0,1,3,20.7999992370605
"22",1,55,1,0,NA,1,0,0,0,99,99,0,11,0,11,2,0,1,3,20.7999992370605
"23",1,24,0,99,NA,99,99,99,0,99,99,0,15,0,11,2,0,1,3,20.7999992370605
"24",1,52,1,0,NA,1,0,0,0,99,99,0,29,0,11,2,0,1,3,20.7999992370605
"25",1,37,0,99,NA,99,99,99,0,99,99,0,13,0,11,2,0,1,3,20.7999992370605
"26",1,32,0,99,NA,99,99,99,0,99,99,1,17,0,11,2,0,1,3,20.7999992370605
"27",0,26,1,1,NA,0,0,0,0,99,99,1,16,0,11,2,0,1,3,20.7999992370605
"28",1,61,1,1,NA,0,0,0,0,99,99,0,12,0,11,2,0,1,3,20.7999992370605
"29",1,60,1,1,NA,0,0,0,0,99,99,0,13,0,11,2,0,1,3,20.7999992370605
"30",1,25,1,0,NA,1,0,0,0,99,99,0,13,0,11,2,0,1,3,20.7999992370605
"31",1,20,0,99,NA,99,99,99,0,99,99,0,10,0,11,2,0,1,3,20.7999992370605
"32",1,50,0,99,NA,99,99,99,0,99,99,1,19,0,11,2,0,1,3,20.7999992370605
"33",0,60,1,0,NA,1,0,0,0,99,99,1,35,0,2,2,1,0,12,17.5
"34",1,35,0,99,NA,99,99,99,0,99,99,0,23,0,2,2,1,0,12,17.5
"35",1,36,1,0,NA,0,0,0,0,99,99,0,22,0,2,2,1,0,12,17.5
"36",1,33,0,99,NA,99,99,99,0,99,99,0,22,0,2,2,1,0,12,17.5
"37",1,26,0,99,NA,99,99,99,0,99,99,1,26,0,51,2,1,1,13,26
"38",0,23,0,99,NA,99,99,99,0,99,99,0,27,0,51,2,1,1,13,26
"39",0,21,0,99,NA,99,99,99,0,99,99,1,27,0,51,2,1,1,13,26
"40",1,34,0,99,NA,99,99,99,0,99,99,0,21,0,51,2,1,1,13,26
"41",1,45,1,0,NA,1,0,0,0,99,99,1,20,0,51,2,1,1,13,26
"42",1,27,0,99,NA,99,99,99,0,99,99,0,21,0,51,2,1,1,13,26
"43",0,32,1,1,NA,0,0,0,0,99,99,1,30,0,51,2,1,1,13,26
"44",0,37,1,1,NA,0,1,0,0,99,99,0,18,0,51,2,1,1,13,26
"45",1,22,0,99,NA,99,99,99,0,99,99,1,18,0,51,2,1,1,13,26
"46",0,23,1,1,NA,0,1,0,0,99,99,1,43,0,51,2,1,1,13,26
"47",0,25,0,99,NA,99,99,99,0,99,99,1,25,0,51,2,1,1,13,26
"48",0,25,1,1,NA,0,0,0,1,1,0,1,23,0,51,2,1,1,13,26
"49",0,51,1,1,NA,0,0,0,0,99,99,1,40,0,51,2,1,1,13,26
"50",0,48,1,1,NA,0,0,0,0,99,99,1,33,0,51,2,1,1,13,26
"51",0,42,1,0,NA,1,0,0,0,99,99,1,21,0,8,2,1,1,14,15.6999998092651
"52",1,20,0,99,NA,99,99,99,0,99,99,0,22,0,8,2,1,1,14,15.6999998092651
"53",0,34,0,99,NA,99,99,99,0,99,99,1,27,0,8,2,1,1,14,15.6999998092651
"54",1,33,0,99,NA,99,99,99,1,1,0,1,23,0,8,2,1,1,14,15.6999998092651
"55",0,23,0,99,NA,99,99,99,0,99,99,1,34,0,8,2,1,1,14,15.6999998092651
"56",1,42,1,0,NA,1,0,0,1,1,1,1,23,0,8,2,1,1,14,15.6999998092651
"57",1,35,1,1,NA,0,0,0,0,99,99,0,21,0,8,2,1,1,14,15.6999998092651
"58",1,64,0,99,NA,99,99,99,0,99,99,0,28,0,8,2,1,1,14,15.6999998092651
"59",1,31,1,1,NA,0,77,0,1,77,77,0,21,0,8,2,1,1,14,15.6999998092651
"60",0,20,1,0,NA,1,0,0,0,99,99,1,43,0,8,2,1,1,14,15.6999998092651
"61",1,23,0,99,NA,99,99,99,0,99,99,1,25,0,8,2,1,1,14,15.6999998092651
"62",0,20,1,0,NA,1,0,0,0,99,99,1,24,0,8,2,1,1,14,15.6999998092651
"63",0,27,0,99,NA,99,99,99,0,99,99,0,19,0,8,2,1,1,14,15.6999998092651
"64",1,25,1,0,NA,99,1,0,0,99,99,1,22,0,8,2,1,1,14,15.6999998092651
"65",0,89,1,0,NA,1,0,0,0,99,99,0,10,0,20.1000003814697,2,5,0,21,18.6000003814697
"66",0,50,1,0,NA,1,0,0,0,99,99,1,8,0,20.1000003814697,2,5,0,21,18.6000003814697
"67",1,55,0,99,NA,99,99,99,0,99,99,0,10,0,20.1000003814697,2,5,0,21,18.6000003814697
"68",1,17,1,0,NA,0,0,0,0,99,99,1,16,0,20.1000003814697,2,5,0,21,18.6000003814697
"69",0,40,0,99,NA,99,99,99,0,99,99,0,8,0,20.1000003814697,2,5,0,21,18.6000003814697
"70",0,62,0,99,NA,99,99,99,0,99,99,0,8,0,20.1000003814697,2,5,0,21,18.6000003814697
"71",0,40,1,0,NA,0,0,0,0,99,99,1,7,0,9,2,5,1,22,29.8999996185303
"72",0,25,0,99,NA,99,99,99,0,99,99,1,1,0,9,2,5,1,22,29.8999996185303
"73",0,27,0,99,NA,99,99,99,0,99,99,1,7,0,9,2,5,1,22,29.8999996185303
"74",0,28,1,0,NA,0,0,0,0,99,99,1,9,0,9,2,5,1,22,29.8999996185303
"75",0,25,0,99,NA,99,99,99,0,99,99,1,9,0,9,2,5,1,22,29.8999996185303
"76",1,25,1,1,NA,0,0,0,0,99,99,0,6,0,9,2,5,1,22,29.8999996185303
"77",0,35,0,99,NA,99,99,99,0,99,99,1,13,0,8.80000019073486,2,5,1,23,18.7999992370605
"78",0,48,0,99,NA,99,99,99,0,99,99,0,9,0,8.80000019073486,2,5,1,23,18.7999992370605
"79",1,36,1,0,NA,1,0,0,0,99,99,0,8,0,8.80000019073486,2,5,1,23,18.7999992370605
"80",0,45,1,1,NA,0,0,0,0,99,99,1,8,0,8.80000019073486,2,5,1,23,18.7999992370605
"81",0,62,1,1,NA,0,0,0,0,99,99,1,39,0,8,2,8,0,35,22.2000007629395
"82",0,40,0,99,NA,99,99,99,1,1,1,1,24,0,8,2,8,0,35,22.2000007629395
"83",0,41,1,1,NA,0,0,0,0,99,99,0,21,0,8,2,8,0,35,22.2000007629395
"84",1,52,1,0,NA,1,0,0,0,99,99,0,29,0,8,2,8,0,35,22.2000007629395
"85",0,36,1,1,NA,0,0,0,0,99,99,1,20,0,8,2,8,0,35,22.2000007629395
"86",1,33,0,99,NA,99,99,99,0,99,99,0,18,0,8,2,8,0,35,22.2000007629395
"87",0,61,0,99,NA,99,99,99,1,1,1,0,22,0,8,2,8,0,35,22.2000007629395
"88",1,40,0,99,NA,99,99,99,1,1,0,1,94,0,8,2,8,0,35,22.2000007629395
"89",0,60,0,99,NA,99,99,99,0,99,99,1,28,0,8,2,8,0,35,22.2000007629395
"90",0,30,0,99,NA,99,99,99,1,1,1,1,21,0,8,2,8,0,35,22.2000007629395
"91",0,25,0,99,NA,99,99,99,0,99,99,1,21,0,8,2,8,0,35,22.2000007629395
"92",1,55,1,1,NA,0,0,0,0,99,99,0,16,0,8,2,8,0,35,22.2000007629395
"93",0,58,1,1,NA,0,0,0,0,99,99,0,16,0,8,2,8,0,35,22.2000007629395
"94",0,40,0,99,NA,99,99,99,1,1,0,1,15,0,18,2,8,0,36,26.1000003814697
"95",1,45,0,99,NA,99,99,99,0,99,99,0,22,0,18,2,8,0,36,26.1000003814697
"96",0,55,1,0,NA,0,1,0,1,1,1,0,40,0,18,2,8,0,36,26.1000003814697
"97",0,27,1,1,NA,0,0,0,0,99,99,0,12,0,18,2,8,0,36,26.1000003814697
"98",0,45,1,1,NA,0,1,0,0,99,99,1,35,0,18,2,8,0,36,26.1000003814697
"99",0,27,0,99,NA,99,99,99,0,99,99,0,18,0,18,2,8,0,36,26.1000003814697
"100",0,50,1,1,NA,0,1,0,0,99,99,1,25,0,18,2,8,0,36,26.1000003814697
"101",0,48,1,1,NA,0,0,0,1,1,0,1,19,0,18,2,8,0,36,26.1000003814697
"102",0,55,0,99,NA,99,99,99,0,99,99,1,18,0,18,2,8,0,36,26.1000003814697
"103",0,48,0,99,NA,99,99,99,0,99,99,1,18,0,18,2,8,0,36,26.1000003814697
"104",0,50,1,1,NA,0,0,0,0,99,99,0,14,0,18,2,8,0,36,26.1000003814697
"105",0,30,0,99,NA,99,99,99,1,1,1,0,17,0,18,2,8,0,36,26.1000003814697
"106",0,55,1,1,NA,0,0,0,0,99,99,1,17,0,18,2,8,0,36,26.1000003814697
"107",0,45,0,99,NA,99,99,99,1,1,1,0,18,0,18,2,8,0,36,26.1000003814697
"108",1,29,0,99,NA,99,99,99,0,99,99,0,19,0,2.70000004768372,2,9,0,39,22.2000007629395
"109",1,26,1,1,NA,0,1,0,0,99,99,0,15,1,2.70000004768372,2,9,0,39,22.2000007629395
"110",1,24,1,1,NA,0,0,0,0,99,99,0,16,0,12.5,2,9,0,40,15.6999998092651
"111",1,30,0,99,NA,99,99,99,0,99,99,0,46,0,12.5,2,9,0,40,15.6999998092651
"112",1,22,1,1,NA,0,0,0,0,99,99,1,13,0,12.5,2,9,0,40,15.6999998092651
"113",1,40,0,99,NA,99,99,99,0,99,99,1,16,0,12.5,2,9,0,40,15.6999998092651
"114",0,49,0,99,NA,99,99,99,0,99,99,1,23,0,18,2,9,0,41,15.3000001907349
"115",1,47,0,99,NA,99,99,99,0,99,99,0,10,0,18,2,9,0,41,15.3000001907349
"116",0,46,0,99,NA,99,99,99,0,99,99,1,19,0,18,2,9,0,41,15.3000001907349
"117",0,36,1,1,NA,0,0,0,0,99,99,0,24,0,18,2,9,0,41,15.3000001907349
"118",0,54,1,1,NA,0,1,1,0,99,99,1,20,0,18,2,9,0,41,15.3000001907349
"119",1,58,0,99,NA,99,99,99,0,99,99,0,20,0,18,2,9,0,41,15.3000001907349
"120",0,28,1,0,NA,1,0,0,0,99,99,1,60,0,18,2,9,0,41,15.3000001907349
"121",1,41,0,99,NA,99,99,99,0,99,99,0,22,0,18,2,9,0,41,15.3000001907349
"122",0,65,0,99,NA,99,99,99,1,0,0,0,21,0,18,2,9,0,41,15.3000001907349
"123",0,25,1,1,NA,0,0,0,0,99,99,1,20,0,18,2,9,0,41,15.3000001907349
"124",1,26,1,1,NA,0,0,0,1,1,0,0,19,0,18,2,9,0,41,15.3000001907349
"125",1,25,1,0,NA,1,0,0,0,99,99,1,36,0,18,2,9,0,41,15.3000001907349
"126",0,44,0,99,NA,99,99,99,1,0,0,0,20,0,18,2,9,0,41,15.3000001907349
"127",0,55,1,1,NA,0,0,0,0,99,99,1,23,0,18,2,9,0,41,15.3000001907349
"128",1,23,0,99,NA,99,99,99,1,1,1,1,8,0,24,2,0,0,4,15.5
"129",0,23,0,99,NA,99,99,99,0,99,99,1,25,0,24,2,0,0,4,15.5
"130",0,17,0,99,NA,99,99,99,0,99,99,1,39,0,24,2,0,0,4,15.5
"131",1,45,1,0,NA,1,0,0,1,1,1,0,14,0,24,2,0,0,4,15.5
"132",1,48,0,99,NA,99,99,99,0,99,99,1,21,0,24,2,0,0,4,15.5
"133",0,35,0,99,NA,99,99,99,0,99,99,1,12,0,24,2,0,0,4,15.5
"134",0,35,1,1,NA,0,0,0,0,99,99,0,12,0,24,2,0,0,4,15.5
"135",0,30,1,1,NA,0,0,0,0,99,99,1,12,0,24,2,0,0,4,15.5
"136",1,38,1,0,NA,1,0,0,0,99,99,1,21,0,24,2,0,0,4,15.5
"137",1,24,0,99,NA,99,99,99,0,99,99,1,14,0,37,2,0,1,5,29.8999996185303
"138",1,45,0,99,NA,99,99,99,0,99,99,0,18,0,37,2,0,1,5,29.8999996185303
"139",1,35,0,99,NA,99,99,99,0,99,99,1,21,0,37,2,0,1,5,29.8999996185303
"140",1,23,0,99,NA,99,99,99,0,99,99,0,11,0,37,2,0,1,5,29.8999996185303
"141",0,26,1,0,NA,0,1,0,1,1,0,1,32,1,37,2,0,1,5,29.8999996185303
"142",1,50,0,99,NA,99,99,99,0,99,99,0,15,0,37,2,0,1,5,29.8999996185303
"143",1,30,0,99,NA,99,99,99,0,99,99,1,18,0,37,2,0,1,5,29.8999996185303
"144",0,60,1,1,NA,0,0,0,0,99,99,0,17,0,37,2,0,1,5,29.8999996185303
"145",1,30,1,0,NA,1,0,0,0,99,99,1,36,0,37,2,0,1,5,29.8999996185303
"146",0,45,1,1,NA,0,1,0,0,99,99,1,21,0,37,2,0,1,5,29.8999996185303
"147",1,28,1,1,NA,0,0,0,0,99,99,1,17,0,37,2,0,1,5,29.8999996185303
"148",1,34,1,0,NA,1,0,0,1,1,1,0,30,0,0,2,1,0,15,16.2999992370605
"149",1,25,0,99,NA,99,99,99,0,99,99,0,28,0,0,2,1,0,15,16.2999992370605
"150",0,38,1,0,NA,1,0,0,0,99,99,0,11,0,22.5,2,5,0,24,18.6000003814697
"151",1,33,0,99,NA,99,99,99,0,99,99,0,7,0,22.5,2,5,0,24,18.6000003814697
"152",0,30,1,1,NA,0,0,0,0,99,99,1,5,0,4.19999980926514,2,5,1,25,30.3999996185303
"153",1,60,1,1,NA,0,1,0,0,99,99,0,8,0,4.19999980926514,2,5,1,25,30.3999996185303
"154",1,55,1,1,NA,0,0,0,0,99,99,0,10,0,4.19999980926514,2,5,1,25,30.3999996185303
"155",1,60,0,99,NA,99,99,99,0,99,99,0,8,0,4.19999980926514,2,5,1,25,30.3999996185303
"156",1,21,0,99,NA,99,99,99,0,99,99,0,8,0,4.19999980926514,2,5,1,25,30.3999996185303
"157",0,70,1,1,NA,0,0,0,0,99,99,0,8,0,4.19999980926514,2,5,1,25,30.3999996185303
"158",1,38,0,99,NA,99,99,99,0,99,99,0,8,0,4.19999980926514,2,5,1,25,30.3999996185303
"159",1,60,1,1,NA,0,1,0,0,99,99,1,11,0,4.19999980926514,2,5,1,25,30.3999996185303
"160",0,50,0,99,NA,99,99,99,0,99,99,1,7,0,4.19999980926514,2,5,1,25,30.3999996185303
"161",1,38,1,1,NA,0,0,0,0,99,99,0,8,0,7.39999961853027,2,5,1,26,21.6000003814697
"162",1,49,1,0,NA,1,0,0,1,1,0,0,92,0,7.39999961853027,2,5,1,26,21.6000003814697
"163",0,25,0,0,NA,99,99,99,0,99,99,1,8,0,7.39999961853027,2,5,1,26,21.6000003814697
"164",0,46,1,0,NA,1,0,0,0,99,99,1,11,0,7.39999961853027,2,5,1,26,21.6000003814697
"165",0,28,0,0,NA,99,99,99,0,99,99,1,7,0,7.39999961853027,2,5,1,26,21.6000003814697
"166",1,16,0,0,NA,99,99,99,0,99,99,0,10,0,7.39999961853027,2,5,1,26,21.6000003814697
"167",1,28,1,1,NA,0,0,1,1,0,0,0,8,0,7.39999961853027,2,5,1,26,21.6000003814697
"168",1,25,1,1,NA,0,0,0,0,99,99,1,9,0,7.39999961853027,2,5,1,26,21.6000003814697
"169",0,21,0,0,NA,99,99,99,0,99,99,0,10,0,7.39999961853027,2,5,1,26,21.6000003814697
"170",0,50,0,0,NA,99,99,99,0,99,99,1,9,0,7.39999961853027,2,5,1,26,21.6000003814697
"171",0,30,0,99,NA,99,99,99,0,99,99,0,18,0,8,2,8,0,37,26.1000003814697
"172",0,70,1,1,NA,0,0,0,0,99,99,0,31,0,8,2,8,0,37,26.1000003814697
"173",0,65,1,1,NA,0,0,0,0,99,99,0,20,0,8,2,8,0,37,26.1000003814697
"174",0,40,1,1,NA,0,1,0,0,99,99,0,35,0,8,2,8,0,37,26.1000003814697
"175",1,38,0,99,NA,99,99,99,0,99,99,1,18,0,8,2,8,0,37,26.1000003814697
"176",0,60,0,99,NA,99,99,99,0,99,99,1,7,0,8,2,8,0,37,26.1000003814697
"177",0,58,1,0,NA,1,0,0,0,99,99,1,25,0,8,2,8,0,37,26.1000003814697
"178",0,40,1,0,NA,1,1,0,0,99,99,0,120,0,8,2,8,0,37,26.1000003814697
"179",0,60,1,1,NA,0,0,0,0,99,99,0,28,0,8,2,8,0,37,26.1000003814697
"180",1,47,0,99,NA,99,99,99,0,99,99,0,15,0,8,2,8,0,37,26.1000003814697
"181",1,29,0,99,NA,99,99,99,0,99,99,0,15,0,8,2,8,0,37,26.1000003814697
"182",0,55,0,99,NA,99,99,99,1,1,1,1,27,0,8,2,8,0,37,26.1000003814697
"183",1,26,0,99,NA,99,99,99,0,99,99,1,20,0,43.4000015258789,2,9,0,42,20.2000007629395
"184",1,44,0,99,NA,99,99,99,0,99,99,1,19,0,43.4000015258789,2,9,0,42,20.2000007629395
"185",0,45,0,99,NA,99,99,99,0,99,99,0,52,0,43.4000015258789,2,9,0,42,20.2000007629395
"186",1,56,1,0,NA,1,0,0,0,99,99,1,40,0,43.4000015258789,2,9,0,42,20.2000007629395
"187",0,14,1,1,NA,0,0,0,1,1,0,1,18,0,43.4000015258789,2,9,0,42,20.2000007629395
"188",0,22,1,1,NA,0,0,0,0,99,99,1,22,0,43.4000015258789,2,9,0,42,20.2000007629395
"189",0,24,0,99,NA,99,99,99,0,99,99,1,18,0,43.4000015258789,2,9,0,42,20.2000007629395
"190",1,25,1,0,NA,1,0,0,1,0,0,1,19,0,43.4000015258789,2,9,0,42,20.2000007629395
"191",1,23,1,1,NA,0,0,0,0,99,99,0,22,0,43.4000015258789,2,9,0,42,20.2000007629395
"192",0,34,0,99,NA,99,99,99,0,99,99,0,18,0,43.4000015258789,2,9,0,42,20.2000007629395
"193",0,23,0,99,NA,99,99,99,1,1,0,1,26,0,19.5,2,9,0,43,24.8999996185303
"194",1,55,1,1,NA,0,0,0,1,0,0,1,10,0,19.5,2,9,0,43,24.8999996185303
"195",1,26,0,99,NA,99,99,99,1,1,1,1,30,0,19.5,2,9,0,43,24.8999996185303
"196",0,26,1,0,NA,1,0,0,0,99,99,0,20,0,19.5,2,9,0,43,24.8999996185303
"197",0,20,0,99,NA,99,99,99,0,99,99,1,20,0,19.5,2,9,0,44,15.6000003814697
"198",1,43,1,1,NA,0,0,0,0,99,99,0,20,0,19.5,2,9,0,44,15.6000003814697
"199",0,27,1,1,NA,0,0,0,0,99,99,0,15,0,19.5,2,9,0,44,15.6000003814697
"200",1,26,1,1,NA,0,0,0,0,99,99,1,20,0,19.5,2,9,0,44,15.6000003814697
"201",1,28,0,99,NA,99,99,99,0,99,99,1,30,0,19.5,2,9,0,44,15.6000003814697
"202",1,31,1,1,NA,0,1,0,0,99,99,1,26,0,19.5,2,9,0,44,15.6000003814697
"203",1,24,1,1,NA,0,1,0,0,99,99,0,17,1,19.5,2,9,0,44,15.6000003814697
"204",0,38,0,99,NA,99,99,99,1,0,0,0,22,0,19.5,2,9,0,44,15.6000003814697
"205",1,47,0,99,NA,99,99,99,0,99,99,1,24,0,19.5,2,9,0,44,15.6000003814697
"206",1,26,0,99,NA,99,99,99,0,99,99,0,22,0,19.5,2,9,0,44,15.6000003814697
"207",1,66,0,99,NA,99,99,99,0,99,99,0,26,0,19.5,2,9,0,44,15.6000003814697
"208",1,66,1,1,NA,0,0,0,0,99,99,0,23,0,19.5,2,9,0,44,15.6000003814697
"209",1,39,0,99,NA,99,99,99,0,99,99,1,24,0,19.5,2,9,0,44,15.6000003814697
"210",1,26,1,1,NA,0,0,0,0,99,99,1,19,0,19.5,2,9,0,44,15.6000003814697
"211",1,27,1,0,NA,1,0,0,0,99,99,1,89,0,7,2,10,0,53,18.1000003814697
"212",0,29,0,99,NA,99,99,99,0,99,99,1,18,0,7,2,10,0,53,18.1000003814697
"213",1,24,0,99,NA,99,99,99,0,99,99,1,51,0,7,2,10,0,53,18.1000003814697
"214",0,22,1,1,NA,0,0,0,1,0,0,1,120,0,7,2,10,0,53,18.1000003814697
"215",1,22,1,1,NA,0,0,0,0,99,99,1,5,0,5,2,0,1,6,33
"216",1,50,0,99,NA,99,99,99,0,99,99,1,19,0,5,2,0,1,6,33
"217",0,45,1,1,NA,0,0,0,0,99,99,1,28,0,14,2,1,0,16,17.2999992370605
"218",0,27,1,1,NA,0,0,1,0,99,99,0,29,0,14,2,1,0,16,17.2999992370605
"219",1,26,1,0,NA,0,0,0,0,99,99,1,21,0,14,2,1,0,16,17.2999992370605
"220",1,23,1,0,NA,1,0,0,0,99,99,1,45,0,14,2,1,0,16,17.2999992370605
"221",1,29,0,99,NA,99,99,99,0,99,99,1,23,0,14,2,1,0,16,17.2999992370605
"222",0,54,0,99,NA,99,99,99,0,99,99,0,33,0,14,2,1,0,16,17.2999992370605
"223",1,38,0,99,NA,99,99,99,0,99,99,1,33,0,14,2,1,0,16,17.2999992370605
"224",0,36,0,99,NA,99,99,99,0,99,99,1,34,0,14,2,1,0,16,17.2999992370605
"225",0,26,0,99,NA,99,99,99,0,99,99,1,25,0,14,2,1,0,16,17.2999992370605
"226",1,27,1,1,NA,0,0,0,0,99,99,1,23,0,14,2,1,0,16,17.2999992370605
"227",1,33,1,1,NA,0,0,0,0,99,99,1,59,0,24,2,1,1,17,15.3000001907349
"228",1,30,0,99,NA,99,99,99,1,1,1,1,91,0,24,2,1,1,17,15.3000001907349
"229",1,26,0,99,NA,99,99,99,1,1,0,1,71,0,24,2,1,1,17,15.3000001907349
"230",1,23,1,1,NA,0,0,0,0,99,99,0,19,0,24,2,1,1,17,15.3000001907349
"231",1,40,1,0,NA,0,1,0,0,99,99,1,23,0,24,2,1,1,17,15.3000001907349
"232",1,24,0,99,NA,99,99,99,0,99,99,1,31,0,24,2,1,1,17,15.3000001907349
"233",1,25,0,99,NA,99,99,99,0,99,99,0,22,0,24,2,1,1,17,15.3000001907349
"234",1,45,1,1,NA,0,0,0,0,99,99,0,24,0,24,2,1,1,17,15.3000001907349
"235",0,29,0,99,NA,99,99,99,0,99,99,0,20,0,24,2,1,1,17,15.3000001907349
"236",1,29,1,1,NA,0,0,0,0,99,99,1,27,0,24,2,1,1,17,15.3000001907349
"237",1,54,1,1,NA,0,0,0,0,99,99,0,27,0,24,2,1,1,17,15.3000001907349
"238",0,20,0,99,NA,99,99,99,0,99,99,1,30,0,24,2,1,1,17,15.3000001907349
"239",1,22,0,99,NA,99,99,99,1,1,1,0,33,0,24,2,1,1,17,15.3000001907349
"240",1,58,1,1,NA,0,0,0,0,99,99,0,22,0,24,2,1,1,17,15.3000001907349
"241",1,28,1,0,NA,1,0,0,0,99,99,0,45,0,24,2,1,1,17,15.3000001907349
"242",0,20,0,99,NA,99,99,99,0,99,99,1,8,0,4.39999961853027,2,5,1,27,26.2999992370605
"243",0,24,1,1,NA,0,0,0,0,99,99,1,8,0,4.39999961853027,2,5,1,27,26.2999992370605
"244",0,25,0,99,NA,99,99,99,0,99,99,0,7,0,4.39999961853027,2,5,1,27,26.2999992370605
"245",1,43,0,0,NA,99,99,99,0,99,99,1,9,0,10.5,2,5,1,28,19.3999996185303
"246",0,24,0,0,NA,99,99,99,0,99,99,0,8,0,10.5,2,5,1,28,19.3999996185303
"247",1,33,1,1,NA,0,0,0,0,99,99,0,7,0,10.5,2,5,1,28,19.3999996185303
"248",0,22,0,0,NA,99,99,99,0,99,99,1,8,0,10.5,2,5,1,28,19.3999996185303
"249",1,38,1,1,NA,0,0,0,0,99,99,0,8,0,10.5,2,5,1,28,19.3999996185303
"250",1,48,1,1,NA,0,0,0,0,99,99,1,10,0,10.5,2,5,1,28,19.3999996185303
"251",0,19,1,1,NA,0,0,0,0,99,99,1,9,0,10.5,2,5,1,28,19.3999996185303
"252",1,20,0,0,NA,99,99,99,0,99,99,1,9,0,10.5,2,5,1,28,19.3999996185303
"253",0,17,1,0,NA,1,0,0,0,99,99,1,29,0,26.7000007629395,2,9,0,45,21.2999992370605
"254",0,22,0,99,NA,99,99,99,0,99,99,1,31,0,26.7000007629395,2,9,0,45,21.2999992370605
"255",0,21,1,1,NA,0,0,0,0,99,99,1,23,0,26.7000007629395,2,9,0,45,21.2999992370605
"256",0,21,1,1,NA,0,0,0,0,99,99,1,22,0,26.7000007629395,2,9,0,45,21.2999992370605
"257",1,27,0,99,NA,99,99,99,0,99,99,0,19,0,26.7000007629395,2,9,0,45,21.2999992370605
"258",0,16,0,99,NA,99,99,99,1,0,0,1,91,0,26.7000007629395,2,9,0,45,21.2999992370605
"259",0,57,1,1,NA,0,0,0,0,99,99,0,22,0,26.7000007629395,2,9,0,45,21.2999992370605
"260",0,42,0,99,NA,99,99,99,0,99,99,0,27,0,26.7000007629395,2,9,0,45,21.2999992370605
"261",0,55,0,99,NA,99,99,99,0,99,99,1,25,0,26.7000007629395,2,9,0,45,21.2999992370605
"262",0,50,1,1,NA,0,1,0,0,99,99,1,68,0,26.7000007629395,2,9,0,45,21.2999992370605
"263",0,53,1,0,NA,1,0,0,0,99,99,1,25,0,26.7000007629395,2,9,0,45,21.2999992370605
"264",0,18,0,99,NA,99,99,99,1,1,0,1,149,0,26.7000007629395,2,9,0,45,21.2999992370605
"265",1,25,0,99,NA,99,99,99,0,99,99,1,24,0,26.7000007629395,2,9,0,45,21.2999992370605
"266",1,29,1,1,NA,0,0,0,0,99,99,1,46,0,26.7000007629395,2,9,0,45,21.2999992370605
"267",0,25,0,99,NA,99,99,99,0,99,99,1,21,0,26.7000007629395,2,9,0,45,21.2999992370605
"268",1,18,1,1,NA,0,0,0,0,99,99,1,24,0,26.7000007629395,2,9,0,45,21.2999992370605
"269",0,28,0,99,NA,99,99,99,0,99,99,1,23,0,8.60000038146973,2,9,0,46,16.7000007629395
"270",1,28,1,0,NA,0,0,0,1,1,0,0,21,0,8.60000038146973,2,9,0,46,16.7000007629395
"271",1,28,1,0,NA,1,0,0,0,99,99,0,38,0,0,2,10,0,54,11.8000001907349
"272",0,23,0,99,NA,99,99,99,0,99,99,1,38,0,0,2,10,0,54,11.8000001907349
"273",1,29,0,99,NA,99,99,99,0,99,99,1,20,0,0,2,10,0,54,11.8000001907349
"274",0,24,0,99,NA,99,99,99,0,99,99,1,11,0,3,2,10,0,55,20.2999992370605
"275",0,29,1,1,NA,0,0,0,0,99,99,1,36,0,3,2,10,0,55,20.2999992370605
"276",1,27,0,99,NA,99,99,99,1,1,1,0,28,0,3,2,10,0,55,20.2999992370605
"277",1,26,0,99,NA,99,99,99,0,99,99,1,75,0,3,2,10,0,55,20.2999992370605
"278",0,32,0,99,NA,99,99,99,0,99,99,0,8,0,5,2,0,0,7,17.7999992370605
"279",1,60,0,99,NA,99,99,99,0,99,99,0,14,0,5,2,0,0,7,17.7999992370605
"280",0,25,0,99,NA,99,99,99,0,99,99,0,7,0,12.7000007629395,2,5,0,29,20.7999992370605
"281",0,39,1,1,NA,0,0,0,0,99,99,0,10,0,12.7000007629395,2,5,0,29,20.7999992370605
"282",0,27,0,99,NA,99,99,99,0,99,99,0,7,0,12.7000007629395,2,5,0,29,20.7999992370605
"283",0,34,1,1,NA,0,1,0,0,99,99,1,11,0,12.7000007629395,2,5,0,29,20.7999992370605
"284",1,32,0,99,NA,99,99,99,0,99,99,1,7,0,7.69999980926514,2,5,1,30,26.5
"285",0,55,1,1,NA,0,0,0,0,99,99,0,6,0,7.69999980926514,2,5,1,30,26.5
"286",1,35,1,1,NA,0,0,0,0,99,99,1,10,0,7.69999980926514,2,5,1,30,26.5
"287",1,38,0,99,NA,99,99,99,0,99,99,0,10,0,7.69999980926514,2,5,1,30,26.5
"288",1,18,1,1,NA,0,0,0,0,99,99,1,8,0,7.69999980926514,2,5,1,30,26.5
"289",1,50,0,99,NA,99,99,99,0,99,99,1,8,0,7.69999980926514,2,5,1,30,26.5
"290",0,32,0,99,NA,99,99,99,0,99,99,1,9,0,7.69999980926514,2,5,1,30,26.5
"291",0,60,1,1,NA,0,1,0,0,99,99,0,9,0,7.69999980926514,2,5,1,30,26.5
"292",0,61,0,0,NA,99,99,99,0,99,99,0,7,0,9.89999961853027,2,5,1,31,21.1000003814697
"293",1,31,0,0,NA,99,99,99,0,99,99,1,9,0,9.89999961853027,2,5,1,31,21.1000003814697
"294",0,18,1,1,NA,0,0,0,0,99,99,1,8,0,9.89999961853027,2,5,1,31,21.1000003814697
"295",0,31,1,1,NA,0,0,0,0,99,99,1,9,0,9.89999961853027,2,5,1,31,21.1000003814697
"296",1,17,1,1,NA,0,0,0,0,99,99,1,2,0,9.89999961853027,2,5,1,31,21.1000003814697
"297",0,21,0,0,NA,99,99,99,0,99,99,0,2,0,9.89999961853027,2,5,1,31,21.1000003814697
"298",1,32,0,0,NA,99,99,99,0,99,99,0,8,0,9.89999961853027,2,5,1,31,21.1000003814697
"299",0,24,1,1,NA,0,0,0,0,99,99,1,9,0,9.89999961853027,2,5,1,31,21.1000003814697
"300",1,37,0,99,NA,99,99,99,0,99,99,0,16,0,44.2999992370605,2,9,0,47,21.3999996185303
"301",0,17,1,1,NA,0,1,0,1,1,0,1,17,0,44.2999992370605,2,9,0,47,21.3999996185303
"302",0,65,1,1,NA,0,0,0,0,99,99,0,19,0,44.2999992370605,2,9,0,47,21.3999996185303
"303",1,22,0,99,NA,99,99,99,0,99,99,0,19,0,44.2999992370605,2,9,0,47,21.3999996185303
"304",1,30,1,0,NA,0,0,0,1,1,0,1,22,0,44.2999992370605,2,9,0,47,21.3999996185303
"305",1,30,0,99,NA,99,99,99,0,99,99,1,22,0,44.2999992370605,2,9,0,47,21.3999996185303
"306",0,50,0,99,NA,99,99,99,0,99,99,0,22,0,44.2999992370605,2,9,0,47,21.3999996185303
"307",0,65,1,1,NA,0,0,0,0,99,99,0,13,0,44.2999992370605,2,9,0,47,21.3999996185303
"308",0,18,0,99,NA,99,99,99,0,99,99,1,24,0,44.2999992370605,2,9,0,47,21.3999996185303
"309",1,53,0,99,NA,99,99,99,0,99,99,1,29,0,44.2999992370605,2,9,0,47,21.3999996185303
"310",0,22,0,99,NA,99,99,99,0,99,99,0,19,0,44.2999992370605,2,9,0,47,21.3999996185303
"311",0,30,1,1,NA,0,0,0,0,99,99,0,20,0,44.2999992370605,2,9,0,47,21.3999996185303
"312",1,25,1,1,NA,0,0,0,0,99,99,1,24,0,44.2999992370605,2,9,0,47,21.3999996185303
"313",1,53,1,0,NA,0,0,0,0,99,99,1,24,0,44.2999992370605,2,9,0,47,21.3999996185303
"314",0,70,0,99,NA,99,99,99,0,99,99,1,105,0,4,2,10,0,56,22.2000007629395
"315",1,36,1,1,NA,0,0,0,0,99,99,1,54,0,4,2,10,0,56,22.2000007629395
"316",1,35,0,99,NA,99,99,99,1,1,1,0,8,0,4,2,10,0,56,22.2000007629395
"317",1,30,0,99,NA,99,99,99,1,1,0,1,36,0,11,2,10,0,57,25.2000007629395
"318",1,35,1,1,NA,0,1,0,0,99,99,1,39,0,11,2,10,0,57,25.2000007629395
"319",0,49,0,99,NA,99,99,99,0,99,99,1,47,0,5,2,10,0,58,15.3999996185303
"320",0,21,1,1,NA,0,0,0,1,0,0,1,120,0,5,2,10,0,58,15.3999996185303
"321",1,26,0,99,NA,99,99,99,1,1,1,0,14,0,5,2,10,0,58,15.3999996185303
"322",1,35,0,99,NA,99,99,99,0,99,99,0,11,0,2,2,0,0,8,16.7999992370605
"323",1,65,1,1,NA,0,0,0,0,99,99,0,26,0,2,2,0,0,8,16.7999992370605
"324",0,74,1,1,NA,0,0,0,0,99,99,0,17,0,4,2,0,1,9,24.5
"325",1,66,0,99,NA,99,99,99,0,99,99,0,20,0,4,2,0,1,9,24.5
"326",1,24,0,99,NA,99,99,99,1,1,1,0,17,0,4,2,0,1,9,24.5
"327",0,28,0,99,NA,99,99,99,0,99,99,1,14,0,4,2,0,1,9,24.5
"328",1,28,0,99,NA,99,99,99,0,99,99,0,13,0,4,2,0,1,9,24.5
"329",1,73,1,1,NA,0,0,0,0,99,99,1,33,0,4,2,0,1,9,24.5
"330",1,71,1,1,NA,0,0,0,0,99,99,0,12,0,4,2,0,1,9,24.5
"331",1,24,0,99,NA,99,99,99,0,99,99,0,21,0,51,2,1,0,18,19.2000007629395
"332",1,23,1,1,NA,0,0,0,0,99,99,1,24,0,51,2,1,0,18,19.2000007629395
"333",0,24,0,99,NA,99,99,99,1,1,0,1,31,0,51,2,1,0,18,19.2000007629395
"334",1,16,1,1,NA,0,0,0,0,99,99,1,23,0,51,2,1,0,18,19.2000007629395
"335",1,48,1,1,NA,0,0,0,0,99,99,1,35,0,51,2,1,0,18,19.2000007629395
"336",1,49,1,1,NA,0,0,0,0,99,99,0,24,0,51,2,1,0,18,19.2000007629395
"337",1,65,0,99,NA,99,99,99,0,99,99,1,22,0,51,2,1,0,18,19.2000007629395
"338",1,26,0,99,NA,99,99,99,0,99,99,0,24,0,51,2,1,0,18,19.2000007629395
"339",0,19,1,0,NA,1,0,0,0,99,99,1,22,0,51,2,1,0,18,19.2000007629395
"340",0,36,0,99,NA,99,99,99,1,1,0,1,29,0,51,2,1,0,18,19.2000007629395
"341",1,77,1,1,NA,0,0,0,0,99,99,0,9,0,8.10000038146973,2,5,0,32,14
"342",0,27,0,99,NA,99,99,99,1,1,1,0,6,0,8.10000038146973,2,5,0,32,14
"343",0,52,1,0,NA,1,0,0,0,99,99,1,9,0,8.10000038146973,2,5,0,32,14
"344",1,23,0,99,NA,99,99,99,0,99,99,0,7,0,8.10000038146973,2,5,0,32,14
"345",1,62,0,99,NA,99,99,99,0,99,99,0,12,0,1.79999995231628,2,9,0,48,21.7000007629395
"346",1,24,1,0,NA,1,0,0,0,99,99,0,75,0,1.79999995231628,2,9,0,48,21.7000007629395
"347",1,48,0,99,NA,99,99,99,0,99,99,0,17,0,1.79999995231628,2,9,0,48,21.7000007629395
"348",0,32,1,0,NA,1,0,0,1,1,0,0,28,0,1.79999995231628,2,9,0,48,21.7000007629395
"349",1,28,0,99,NA,99,99,99,0,99,99,0,23,0,3,2,10,0,59,28.3999996185303
"350",0,40,1,0,NA,1,0,0,1,1,0,0,38,0,3,2,10,0,59,28.3999996185303
"351",1,30,0,99,NA,99,99,99,0,99,99,0,9,0,25,2,0,1,10,21.3999996185303
"352",1,30,1,1,NA,0,0,0,0,99,99,0,10,0,25,2,0,1,10,21.3999996185303
"353",0,25,1,1,NA,0,0,0,0,99,99,1,28,0,25,2,0,1,10,21.3999996185303
"354",0,25,1,1,NA,0,0,0,0,99,99,1,23,0,25,2,0,1,10,21.3999996185303
"355",0,29,0,99,NA,99,99,99,0,99,99,0,28,0,7.69999980926514,2,9,0,49,22.7999992370605
"356",1,25,1,1,NA,0,0,0,0,99,99,0,14,0,7.69999980926514,2,9,0,49,22.7999992370605
"357",1,30,0,99,NA,99,99,99,1,77,77,1,51,0,6,2,10,0,60,19.2000007629395
"358",1,33,0,99,NA,99,99,99,0,99,99,1,14,0,6,2,10,0,60,19.2000007629395
"359",1,35,0,99,NA,99,99,99,0,99,99,1,21,0,6,2,10,0,60,19.2000007629395
"360",1,32,0,99,NA,99,99,99,0,99,99,1,43,0,6,2,10,0,60,19.2000007629395
"361",0,25,0,99,NA,99,99,99,1,0,0,1,58,0,5,2,10,0,61,33.2000007629395
"362",1,30,1,0,NA,1,0,0,1,1,1,1,31,0,5,2,10,0,61,33.2000007629395
"363",1,24,1,0,NA,1,1,0,0,99,99,0,35,0,17,2,0,0,11,16.2000007629395
"364",1,30,1,1,NA,0,0,0,0,99,99,0,14,0,17,2,0,0,11,16.2000007629395
"365",1,25,1,1,NA,0,0,0,0,99,99,0,14,0,17,2,0,0,11,16.2000007629395
"366",0,25,1,1,NA,0,0,0,0,99,99,1,17,0,17,2,0,0,11,16.2000007629395
"367",1,36,0,99,NA,99,99,99,0,99,99,0,33,0,17,2,0,0,11,16.2000007629395
"368",1,26,0,99,NA,99,99,99,0,99,99,1,28,0,5,2,1,1,19,22.7999992370605
"369",1,25,1,0,NA,1,0,0,0,99,99,1,24,0,5,2,1,1,19,22.7999992370605
"370",0,26,0,99,NA,99,99,99,1,1,1,1,41,0,5,2,1,1,19,22.7999992370605
"371",1,28,1,0,NA,1,99,99,0,99,99,1,23,0,5,2,1,1,19,22.7999992370605
"372",0,32,1,0,NA,1,0,0,0,99,99,1,8,0,10.5,2,5,0,33,19
"373",1,29,0,99,NA,99,99,99,0,99,99,1,10,0,10.5,2,5,0,33,19
"374",0,38,0,99,NA,99,99,99,0,99,99,1,10,0,10.5,2,5,0,33,19
"375",1,24,1,0,NA,0,0,0,0,99,99,1,7,0,10.5,2,5,0,33,19
"376",0,74,1,0,NA,1,0,0,0,99,99,0,10,0,10.5,2,5,0,33,19
"377",0,18,0,99,NA,99,99,99,0,99,99,1,8,0,10.5,2,5,0,33,19
"378",0,25,0,99,NA,99,99,99,1,0,0,0,27,0,2,2,10,0,62,16.8999996185303
"379",1,28,0,99,NA,99,99,99,0,99,99,1,46,0,2,2,10,0,62,16.8999996185303
"380",1,25,1,1,NA,0,1,0,0,99,99,1,22,0,2,2,10,0,62,16.8999996185303
"381",0,60,1,1,NA,0,1,0,0,99,99,0,21,0,24,2,8,0,38,20.2999992370605
"382",1,42,1,0,NA,1,0,0,0,99,99,0,29,0,24,2,8,0,38,20.2999992370605
"383",0,62,0,1,NA,0,1,0,1,1,1,0,23,0,24,2,8,0,38,20.2999992370605
"384",0,32,0,99,NA,99,99,99,0,99,99,1,20,0,24,2,8,0,38,20.2999992370605
"385",0,57,0,99,NA,99,99,99,0,99,99,0,17,0,24,2,8,0,38,20.2999992370605
"386",1,78,1,0,NA,0,0,0,0,99,99,0,87,0,24,2,8,0,38,20.2999992370605
"387",0,36,1,1,NA,0,0,0,0,99,99,0,16,0,24,2,8,0,38,20.2999992370605
"388",0,38,0,99,NA,99,99,99,0,99,99,1,20,0,24,2,8,0,38,20.2999992370605
"389",0,53,0,99,NA,99,99,99,0,99,99,1,27,0,24,2,8,0,38,20.2999992370605
"390",1,25,0,99,NA,99,99,99,0,99,99,1,11,0,1,2,10,0,63,15.6999998092651
"391",1,20,0,99,NA,99,99,99,0,99,99,1,19,0,1,2,10,0,63,15.6999998092651
"392",0,26,1,0,NA,1,0,0,1,1,0,1,46,0,1,2,10,0,63,15.6999998092651
"393",1,25,0,99,NA,99,99,99,0,99,99,1,120,0,48,2,1,1,20,22.3999996185303
"394",0,27,1,0,NA,0,0,0,0,99,99,1,34,0,48,2,1,1,20,22.3999996185303
"395",1,25,1,1,NA,0,1,0,0,99,99,1,26,0,48,2,1,1,20,22.3999996185303
"396",0,25,0,99,NA,99,99,99,0,99,99,1,27,0,48,2,1,1,20,22.3999996185303
"397",1,28,1,1,NA,0,0,0,0,99,99,1,22,0,48,2,1,1,20,22.3999996185303
"398",0,21,0,99,NA,99,99,99,1,0,0,1,31,0,48,2,1,1,20,22.3999996185303
"399",1,32,0,99,NA,99,99,99,0,99,99,1,20,0,48,2,1,1,20,22.3999996185303
"400",0,28,1,1,NA,0,0,0,0,99,99,1,26,0,48,2,1,1,20,22.3999996185303
"401",1,31,0,99,NA,99,99,99,0,99,99,1,7,0,22.1000003814697,2,5,0,34,21.8999996185303
"402",0,56,1,0,NA,0,0,0,0,99,99,1,9,0,22.1000003814697,2,5,0,34,21.8999996185303
"403",0,26,0,99,NA,99,99,99,0,99,99,1,25,0,16.2999992370605,2,9,0,50,22.2000007629395
"404",0,44,0,99,NA,99,99,99,0,99,99,0,19,0,16.2999992370605,2,9,0,50,22.2000007629395
"405",1,30,0,99,NA,99,99,99,1,0,0,1,57,0,16.2999992370605,2,9,0,50,22.2000007629395
"406",0,32,0,99,NA,99,99,99,0,99,99,1,21,0,16.2999992370605,2,9,0,50,22.2000007629395
"407",1,46,1,1,NA,0,0,0,0,99,99,1,23,0,16.2999992370605,2,9,0,50,22.2000007629395
"408",0,28,1,1,NA,0,0,0,0,99,99,1,23,0,16.2999992370605,2,9,0,50,22.2000007629395
"409",1,19,0,99,NA,99,99,99,0,99,99,1,22,0,16.2999992370605,2,9,0,50,22.2000007629395
"410",1,27,0,99,NA,99,99,99,0,99,99,1,23,0,16.2999992370605,2,9,0,50,22.2000007629395
"411",1,22,1,1,NA,0,0,1,0,99,99,1,21,0,16.2999992370605,2,9,0,50,22.2000007629395
"412",0,26,1,1,NA,0,0,0,0,99,99,0,18,0,16.2999992370605,2,9,0,50,22.2000007629395
"413",0,52,1,1,NA,0,0,0,0,99,99,0,18,0,16.2999992370605,2,9,0,50,22.2000007629395
"414",0,18,1,0,NA,1,0,0,0,99,99,1,26,0,16.2999992370605,2,9,0,50,22.2000007629395
"415",0,36,1,1,NA,0,0,0,0,99,99,1,22,0,41.2999992370605,2,9,0,51,26.7000007629395
"416",1,48,1,1,NA,0,0,0,0,99,99,1,19,0,41.2999992370605,2,9,0,51,26.7000007629395
"417",0,35,1,0,NA,1,0,0,0,99,99,1,22,0,41.2999992370605,2,9,0,51,26.7000007629395
"418",1,31,0,99,NA,99,99,99,0,99,99,1,18,0,41.2999992370605,2,9,0,51,26.7000007629395
"419",1,65,0,99,NA,99,99,99,0,99,99,0,21,0,41.2999992370605,2,9,0,51,26.7000007629395
"420",1,41,1,1,NA,0,1,0,0,99,99,0,17,0,41.2999992370605,2,9,0,51,26.7000007629395
"421",0,31,1,1,NA,0,0,0,0,99,99,1,20,0,41.2999992370605,2,9,0,51,26.7000007629395
"422",1,34,0,99,NA,99,99,99,0,99,99,1,21,0,41.2999992370605,2,9,0,51,26.7000007629395
"423",1,37,1,1,NA,0,0,0,0,99,99,1,23,0,41.2999992370605,2,9,0,51,26.7000007629395
"424",1,43,0,99,NA,99,99,99,1,1,0,0,17,0,41.2999992370605,2,9,0,51,26.7000007629395
"425",0,23,0,99,NA,99,99,99,0,99,99,0,18,0,41.2999992370605,2,9,0,51,26.7000007629395
"426",1,42,0,99,NA,99,99,99,0,99,99,1,25,0,41.2999992370605,2,9,0,51,26.7000007629395
"427",0,30,0,99,NA,99,99,99,0,99,99,0,36,0,9,2,10,0,64,26
"428",1,25,1,1,NA,0,0,0,0,99,99,1,21,0,9,2,10,0,64,26
"429",0,45,1,1,NA,0,1,1,0,99,99,1,54,1,9,2,10,0,64,26
"430",0,25,0,99,NA,99,99,99,0,99,99,1,63,0,15,2,10,0,65,16.3999996185303
"431",0,35,1,1,NA,0,0,0,0,99,99,1,30,0,15,2,10,0,65,16.3999996185303
"432",1,25,0,99,NA,99,99,99,0,99,99,1,12,0,15,2,10,0,65,16.3999996185303
"433",1,40,1,1,NA,0,0,0,0,99,99,1,14,0,15,2,10,0,65,16.3999996185303
"434",0,20,0,99,NA,99,99,99,0,99,99,0,30,0,15,2,10,0,65,16.3999996185303
"435",1,20,0,99,NA,99,99,99,0,99,99,0,11,0,15,2,10,0,65,16.3999996185303
"436",0,43,1,1,NA,0,0,0,0,99,99,0,31,0,23.7999992370605,2,9,0,52,17.8999996185303
"437",1,21,0,99,NA,99,99,99,1,1,0,0,16,0,23.7999992370605,2,9,0,52,17.8999996185303
"438",0,43,0,99,NA,99,99,99,1,1,0,1,29,0,23.7999992370605,2,9,0,52,17.8999996185303
"439",0,37,1,0,NA,1,0,0,1,0,0,0,18,0,23.7999992370605,2,9,0,52,17.8999996185303
"440",0,28,1,0,NA,1,0,0,0,99,99,1,34,0,23.7999992370605,2,9,0,52,17.8999996185303
"441",0,19,1,1,NA,0,0,0,0,99,99,1,27,0,23.7999992370605,2,9,0,52,17.8999996185303
"442",1,25,0,99,NA,99,99,99,0,99,99,1,20,0,23.7999992370605,2,9,0,52,17.8999996185303
"443",1,22,0,99,NA,99,99,99,0,99,99,1,25,0,23.7999992370605,2,9,0,52,17.8999996185303
"444",1,25,0,99,NA,99,99,99,0,99,99,1,66,0,8,2,10,0,66,28.1000003814697
"445",1,30,0,99,NA,99,99,99,0,99,99,0,22,0,2,2,10,0,67,15.3000001907349
"446",1,30,0,99,NA,99,99,99,0,99,99,1,37,0,2,2,10,0,67,15.3000001907349
"447",0,45,1,0,NA,1,0,0,1,0,0,1,34,0,2,2,10,0,67,15.3000001907349
"448",0,24,1,1,NA,0,0,0,0,99,99,1,40,0,7,2,10,0,68,17.8999996185303
"449",1,22,0,99,NA,99,99,99,0,99,99,1,21,0,7,2,10,0,68,17.8999996185303
"450",1,22,0,99,NA,99,99,99,1,1,1,1,61,0,7,2,10,0,68,17.8999996185303
"451",0,21,0,99,NA,99,99,99,1,1,1,1,98,0,7,2,10,0,68,17.8999996185303
"452",1,27,0,99,NA,99,99,99,1,1,1,0,51,0,7,2,10,0,68,17.8999996185303
"453",0,53,1,0,NA,1,1,0,0,0,0,1,55,0,7,2,10,0,68,17.8999996185303
"454",0,31,0,99,NA,99,99,99,0,99,99,0,13,0,1,2,10,0,69,24.7999992370605
"455",1,26,0,99,NA,99,99,99,0,99,99,0,60,0,1,2,10,0,69,24.7999992370605
"456",0,34,1,1,NA,0,0,0,0,99,99,1,12,0,1,2,10,0,69,24.7999992370605
"457",0,25,0,99,NA,99,99,99,0,99,99,1,34,0,6,2,10,0,70,21.3999996185303
"458",0,45,0,99,NA,99,99,99,0,99,99,1,25,0,6,2,10,0,70,21.3999996185303
"459",0,50,1,1,NA,0,1,0,0,99,99,1,42,0,6,2,10,0,70,21.3999996185303
"460",0,35,0,99,NA,99,99,99,0,99,99,1,22,0,10,2,10,0,71,24.2999992370605
"461",0,23,0,99,NA,99,99,99,0,99,99,1,43,0,10,2,10,0,71,24.2999992370605
"462",1,24,1,1,NA,0,0,0,0,99,99,1,29,0,10,2,10,0,71,24.2999992370605
"463",0,38,0,99,NA,99,99,99,1,0,0,1,41,0,10,2,10,0,72,24.2999992370605
"464",1,22,1,1,NA,0,1,0,0,99,99,1,35,0,10,2,10,0,72,24.2999992370605
"465",0,24,0,99,NA,99,99,99,1,0,0,1,9,0,10,2,10,0,72,24.2999992370605
"466",1,50,1,1,NA,0,0,0,0,99,99,1,8,0,14,2,10,0,73,28.1000003814697
"467",0,26,0,99,NA,99,99,99,0,99,99,1,31,0,14,2,10,0,73,28.1000003814697
"468",1,23,1,1,NA,0,1,0,0,99,99,1,36,1,14,2,10,0,73,28.1000003814697
"469",1,40,0,99,NA,99,99,99,0,99,99,1,14,0,14,2,10,0,73,28.1000003814697
"470",1,24,1,0,NA,1,0,0,1,1,0,1,37,0,14,2,10,0,73,28.1000003814697
"471",0,26,0,99,NA,99,99,99,0,99,99,1,23,0,14,2,10,0,73,28.1000003814697
"472",1,28,0,99,NA,99,99,99,0,99,99,0,13,0,14,2,10,0,73,28.1000003814697
"473",1,26,0,99,NA,99,99,99,0,99,99,1,27,0,14,2,10,0,73,28.1000003814697
"474",0,22,1,0,NA,1,0,0,1,1,1,1,112,0,15,2,10,0,74,32.2999992370605
"475",1,27,0,99,NA,99,99,99,1,0,0,1,34,0,15,2,10,0,74,32.2999992370605
"476",0,29,0,99,NA,99,99,99,0,99,99,0,26,0,15,2,10,0,74,32.2999992370605
"477",1,26,0,99,NA,99,99,99,0,99,99,1,68,0,4,2,10,0,75,22.6000003814697
"478",0,22,1,1,NA,0,77,77,1,0,0,1,12,0,4,2,10,0,75,22.6000003814697
"479",0,25,0,99,NA,99,99,99,1,0,0,0,13,0,4,2,10,0,75,22.6000003814697
"480",0,35,1,1,NA,0,0,0,0,99,99,0,9,0,0,2,10,0,76,17.5
"481",1,28,1,1,NA,0,0,0,0,99,99,1,22,0,2,2,10,0,77,22.6000003814697
"482",1,32,0,99,NA,99,99,99,0,99,99,1,33,0,4,2,10,0,78,20.2000007629395
"483",1,29,0,99,NA,99,99,99,0,99,99,1,25,0,4,2,10,0,78,20.2000007629395
"484",1,38,1,0,NA,1,0,0,0,99,99,1,44,0,4,2,10,0,78,20.2000007629395
"485",1,27,0,99,99,99,99,99,0,99,99,0,21,0,21.5,1,14,0,1001,22.3999996185303
"486",0,34,0,99,99,99,99,99,0,99,99,0,31,0,21.5,1,14,0,1001,22.3999996185303
"487",0,32,1,0,1,0,1,0,0,99,99,0,22,1,21.5,1,14,0,1001,22.3999996185303
"488",0,78,0,99,99,99,99,99,0,99,99,0,29,0,21.5,1,14,0,1001,22.3999996185303
"489",0,44,0,99,99,99,99,99,0,99,99,0,30,0,21.5,1,14,0,1001,22.3999996185303
"490",1,26,1,1,0,0,1,0,1,1,0,0,23,1,21.5,1,14,0,1001,22.3999996185303
"491",1,29,1,0,0,1,0,0,0,99,99,0,37,0,21.5,1,14,0,1001,22.3999996185303
"492",1,38,1,1,0,0,0,0,0,99,99,0,26,0,21.5,1,14,0,1001,22.3999996185303
"493",1,24,1,1,0,0,0,0,0,99,99,0,17,0,3.5,1,14,0,1002,12.5
"494",0,22,0,99,99,99,99,99,0,99,99,0,18,0,3.5,1,14,0,1002,12.5
"495",1,44,0,99,99,99,99,99,1,1,1,0,23,0,3.5,1,14,0,1002,12.5
"496",1,56,1,1,0,0,0,0,0,99,99,0,16,0,3.5,1,14,0,1002,12.5
"497",0,31,1,1,0,0,0,0,0,99,99,0,21,0,17,1,14,0,1004,22
"498",1,37,1,1,0,0,0,0,0,99,99,0,26,0,17,1,14,0,1004,22
"499",0,67,1,1,0,0,0,0,0,99,99,0,41,0,17,1,14,0,1004,22
"500",1,23,1,1,0,0,0,0,0,99,99,1,24,0,17,1,14,0,1004,22
"501",1,58,0,99,99,99,99,99,0,99,99,0,23,0,17,1,14,0,1004,22
"502",0,54,0,99,99,99,99,99,0,99,99,1,30,0,17,1,14,0,1004,22
"503",0,29,0,99,99,99,99,99,0,99,99,1,23,0,17,1,14,0,1004,22
"504",0,36,0,99,99,99,99,99,0,99,99,1,31,0,17,1,14,0,1004,22
"505",0,26,1,1,0,0,0,0,0,99,99,0,22,0,17,1,14,0,1004,22
"506",0,21,0,99,99,99,99,99,0,99,99,0,29,0,17,1,14,0,1004,22
"507",0,35,0,99,99,99,99,99,0,99,99,0,18,0,9,1,14,0,1011,21.7000007629395
"508",1,52,0,99,99,99,99,99,0,99,99,0,27,0,9,1,14,0,1011,21.7000007629395
"509",1,48,0,99,99,99,99,99,0,99,99,0,21,0,9,1,14,0,1011,21.7000007629395
"510",0,24,1,1,0,0,0,0,0,99,99,0,12,0,9,1,14,0,1011,21.7000007629395
"511",1,31,0,99,99,99,99,99,0,99,99,1,25,0,9,1,14,0,1011,21.7000007629395
"512",1,44,0,99,99,99,99,99,1,1,1,0,16,0,9,1,14,0,1011,21.7000007629395
"513",1,19,1,0,1,0,0,0,0,99,99,1,15,0,9,1,14,0,1011,21.7000007629395
"514",1,27,1,1,0,0,0,0,0,99,99,0,19,0,9,1,14,0,1011,21.7000007629395
"515",0,36,1,1,0,0,0,0,0,99,99,0,14,0,9,1,14,0,1011,21.7000007629395
"516",0,68,1,1,0,0,1,0,1,1,0,0,22,0,9,1,14,0,1011,21.7000007629395
"517",0,18,0,99,99,99,99,99,0,99,99,1,19,0,9,1,14,0,1011,21.7000007629395
"518",0,22,0,99,99,99,99,99,1,1,0,0,18,0,9,1,14,0,1011,21.7000007629395
"519",0,47,1,1,0,0,0,0,1,1,1,0,25,0,9,1,14,0,1011,21.7000007629395
"520",0,29,1,1,0,0,0,0,0,99,99,0,19,0,9,1,14,0,1011,21.7000007629395
"521",0,46,1,1,0,0,0,0,0,99,99,0,22,0,4,1,14,0,1013,20.7000007629395
"522",0,61,1,1,0,0,0,0,0,99,99,0,26,0,4,1,14,0,1013,20.7000007629395
"523",0,44,1,1,0,0,0,0,0,99,99,0,19,0,4,1,14,0,1013,20.7000007629395
"524",1,57,0,99,99,99,99,99,0,99,99,0,48,0,4,1,14,0,1013,20.7000007629395
"525",1,32,0,99,99,99,99,99,1,1,1,0,22,0,4,1,14,0,1013,20.7000007629395
"526",1,34,0,99,99,99,99,99,0,99,99,1,20,0,4,1,14,0,1013,20.7000007629395
"527",1,52,1,1,0,0,0,0,0,99,99,0,22,0,4,1,14,0,1013,20.7000007629395
"528",0,39,0,99,99,99,99,99,1,1,0,0,17,0,4,1,14,0,1013,20.7000007629395
"529",1,28,0,99,99,99,99,99,0,99,99,0,24,0,4,1,14,0,1013,20.7000007629395
"530",0,37,1,0,0,1,1,0,1,1,0,1,26,0,4,1,14,0,1013,20.7000007629395
"531",1,25,1,1,0,0,0,0,0,99,99,1,19,0,7,1,14,0,1016,14.5
"532",0,35,1,1,0,0,0,0,0,99,99,0,20,0,7,1,14,0,1016,14.5
"533",1,32,0,99,99,99,99,99,0,99,99,1,17,0,7,1,14,0,1016,14.5
"534",1,74,0,99,99,99,99,99,0,99,99,0,22,0,7,1,14,0,1016,14.5
"535",1,17,0,99,99,99,99,99,1,1,1,0,20,0,7,1,14,0,1016,14.5
"536",1,26,1,1,0,0,0,0,0,99,99,0,12,0,7,1,14,0,1016,14.5
"537",0,27,1,0,0,1,0,0,0,99,99,1,23,0,8.5,1,14,0,1018,15
"538",1,38,0,99,99,99,99,99,0,99,99,0,13,0,8.5,1,14,0,1018,15
"539",0,49,0,99,99,99,99,99,0,99,99,0,22,0,7,1,14,0,1025,15.1000003814697
"540",1,42,0,99,99,99,99,99,0,99,99,0,18,0,7,1,14,0,1025,15.1000003814697
"541",1,28,1,1,0,0,0,0,0,99,99,0,13,0,7,1,14,0,1025,15.1000003814697
"542",1,63,0,99,99,99,99,99,0,99,99,0,17,0,7,1,14,0,1025,15.1000003814697
"543",1,28,1,1,0,0,0,0,0,99,99,1,27,0,7,1,14,0,1025,15.1000003814697
"544",0,57,0,99,99,99,99,99,0,99,99,1,31,0,7,1,14,0,1025,15.1000003814697
"545",1,26,1,0,0,1,0,0,0,99,99,1,22,0,7,1,14,0,1025,15.1000003814697
"546",0,38,1,1,0,0,0,0,0,99,99,0,30,0,7,1,14,0,1025,15.1000003814697
"547",1,46,0,99,99,99,99,99,0,99,99,0,24,0,4.5,1,14,0,1026,20.7000007629395
"548",0,43,0,99,99,99,99,99,0,99,99,1,27,0,4.5,1,14,0,1026,20.7000007629395
"549",0,85,1,1,0,0,0,0,0,99,99,0,10,0,4.5,1,14,0,1026,20.7000007629395
"550",1,27,1,1,0,0,0,0,0,99,99,0,21,0,4.5,1,14,0,1026,20.7000007629395
"551",0,31,0,99,99,99,99,99,0,99,99,0,27,0,4.5,1,14,0,1026,20.7000007629395
"552",1,19,1,1,0,0,0,0,0,99,99,0,18,0,4.5,1,14,0,1026,20.7000007629395
"553",0,45,0,99,99,99,99,99,0,99,99,1,29,0,8,1,14,0,1028,13.8999996185303
"554",1,23,1,1,0,0,1,0,0,99,99,0,10,0,8,1,14,0,1028,13.8999996185303
"555",1,26,0,99,99,99,99,99,0,99,99,0,18,0,8,1,14,0,1028,13.8999996185303
"556",0,39,1,1,0,0,0,0,0,99,99,1,23,0,8,1,14,0,1028,13.8999996185303
"557",0,17,0,99,99,99,99,99,0,99,99,0,18,0,8,1,14,0,1028,13.8999996185303
"558",0,57,1,1,0,0,1,0,0,99,99,1,22,1,8,1,14,0,1028,13.8999996185303
"559",0,44,0,99,99,99,99,99,1,1,1,1,23,0,7,1,14,0,1029,21.7000007629395
"560",0,37,1,1,0,0,0,0,1,0,99,0,32,0,7,1,14,0,1029,21.7000007629395
"561",0,45,1,1,0,0,0,0,0,99,99,0,33,0,7,1,14,0,1029,21.7000007629395
"562",0,56,1,1,0,0,0,0,0,99,0,0,22,0,7,1,14,0,1029,21.7000007629395
"563",0,17,0,99,99,99,99,99,1,1,1,0,29,0,7,1,14,0,1029,21.7000007629395
"564",1,66,1,1,0,0,0,0,0,99,99,0,25,0,7,1,14,0,1029,21.7000007629395
"565",0,63,0,99,99,99,99,99,0,99,99,1,23,0,7,1,14,0,1029,21.7000007629395
"566",0,34,0,99,99,99,99,99,0,99,99,0,24,0,7,1,14,0,1029,21.7000007629395
"567",0,23,1,1,0,0,0,0,0,99,99,0,22,0,7,1,14,0,1029,21.7000007629395
"568",1,59,0,99,99,99,99,99,0,99,99,0,21,0,7,1,14,0,1029,21.7000007629395
"569",1,65,0,99,99,99,99,99,0,99,99,0,28,0,7,1,14,0,1029,21.7000007629395
"570",1,52,1,1,0,0,0,0,0,99,99,0,25,0,7,1,14,0,1029,21.7000007629395
"571",0,38,0,99,99,99,99,99,0,99,99,1,31,0,7,1,14,0,1029,21.7000007629395
"572",0,72,1,1,0,0,0,0,0,99,99,1,82,0,7,1,14,0,1029,21.7000007629395
"573",1,39,1,1,0,0,0,0,0,99,99,1,36,0,8,1,14,0,1030,15.1000003814697
"574",1,58,0,99,99,99,99,99,0,99,99,0,20,0,8,1,14,0,1030,15.1000003814697
"575",1,29,0,99,99,99,99,99,0,99,99,0,12,0,1,1,14,0,1031,12.8000001907349
"576",1,28,0,99,99,99,99,99,0,99,99,0,15,0,1,1,14,0,1031,12.8000001907349
"577",1,24,0,99,99,99,99,99,0,99,99,1,16,0,1,1,14,0,1031,12.8000001907349
"578",0,33,1,1,0,0,0,0,0,99,99,0,21,0,1,1,14,0,1031,12.8000001907349
"579",0,26,1,1,0,0,0,0,0,99,99,0,15,0,1,1,14,0,1031,12.8000001907349
"580",0,34,1,1,0,0,0,0,0,99,99,0,16,0,1,1,14,0,1031,12.8000001907349
"581",1,64,0,99,99,99,99,99,0,99,99,0,19,0,4.5,1,14,0,1033,13.8999996185303
"582",0,24,0,99,99,99,99,99,0,99,99,0,21,0,4.5,1,14,0,1033,13.8999996185303
"583",0,37,1,1,0,0,0,0,0,99,99,1,25,0,4.5,1,14,0,1033,13.8999996185303
"584",1,43,1,1,0,0,1,0,0,99,99,1,16,0,4.5,1,14,0,1033,13.8999996185303
"585",0,31,0,99,99,99,99,99,1,1,1,0,16,0,5.5,1,14,0,1035,12.5
"586",0,47,1,1,0,0,0,0,0,99,99,0,17,0,5.5,1,14,0,1035,12.5
"587",0,22,0,99,99,99,99,99,0,99,99,0,23,0,5.5,1,14,0,1035,12.5
"588",1,28,1,1,0,0,0,0,0,99,99,1,22,0,5.5,1,14,0,1035,12.5
"589",1,33,0,99,99,99,99,99,0,99,99,0,30,0,17,1,14,0,1037,22
"590",0,32,1,1,0,0,0,0,0,99,99,0,52,0,17,1,14,0,1037,22
"591",0,65,1,1,0,0,0,0,0,99,99,1,34,0,17,1,14,0,1037,22
"592",1,64,1,1,0,0,0,0,0,99,99,1,32,0,17,1,14,0,1037,22
"593",0,21,0,99,99,99,99,99,0,99,99,0,25,0,17,1,14,0,1037,22
"594",0,29,1,1,0,0,0,0,0,99,99,1,29,0,17,1,14,0,1037,22
"595",0,36,0,99,99,99,99,99,0,99,99,1,21,0,17,1,14,0,1037,22
"596",0,33,0,99,99,99,99,99,0,99,99,0,23,0,17,1,14,0,1037,22
"597",1,31,0,99,99,99,99,99,0,99,99,0,22,0,17,1,14,0,1037,22
"598",0,25,0,99,99,99,99,99,0,99,99,0,27,0,17,1,14,0,1037,22
"599",1,32,1,0,0,1,0,0,0,99,99,0,30,0,17,1,14,0,1037,22
"600",1,24,1,1,0,0,0,0,0,99,99,0,23,0,17,1,14,0,1037,22
"601",0,58,0,99,99,99,99,99,0,99,99,0,22,0,17,1,14,0,1037,22
"602",0,38,1,1,0,0,0,0,0,99,99,0,32,0,17,1,14,0,1037,22
"603",0,34,1,0,0,1,0,0,1,0,99,0,27,0,10,1,14,0,1040,15.1000003814697
"604",0,26,0,99,99,99,99,99,0,99,99,1,32,0,10,1,14,0,1040,15.1000003814697
"605",1,56,0,99,99,99,99,99,0,99,99,0,10,0,10,1,14,0,1040,15.1000003814697
"606",1,48,1,1,0,0,0,0,0,99,99,0,14,0,10,1,14,0,1040,15.1000003814697
"607",1,27,1,0,1,0,0,0,0,99,99,1,31,0,10,1,14,0,1040,15.1000003814697
"608",1,69,0,99,99,99,99,99,0,99,99,0,22,0,10,1,14,0,1040,15.1000003814697
"609",1,25,0,99,99,99,99,99,0,99,99,0,20,0,10,1,14,0,1040,15.1000003814697
"610",1,28,1,1,0,0,0,0,0,99,99,0,18,0,10,1,14,0,1040,15.1000003814697
"611",1,24,1,1,0,0,0,0,0,99,99,1,18,0,4,1,14,0,1042,14.5
"612",0,27,0,99,99,99,99,99,0,99,99,0,20,0,4,1,14,0,1042,14.5
"613",0,24,0,99,99,99,99,99,0,99,99,0,31,0,18.5,1,14,0,1045,22.3999996185303
"614",0,66,0,99,99,99,99,99,0,99,99,1,34,0,18.5,1,14,0,1045,22.3999996185303
"615",1,55,0,99,99,99,99,99,0,99,99,0,23,0,18.5,1,14,0,1045,22.3999996185303
"616",0,27,1,1,0,0,1,0,0,99,99,0,19,0,18.5,1,14,0,1045,22.3999996185303
"617",1,38,0,99,99,99,99,99,0,99,99,1,29,0,18.5,1,14,0,1045,22.3999996185303
"618",0,43,0,99,99,99,99,99,1,1,0,0,28,0,18.5,1,14,0,1045,22.3999996185303
"619",0,41,1,1,0,0,1,0,0,99,99,1,26,0,18.5,1,14,0,1045,22.3999996185303
"620",1,68,0,99,99,99,99,99,0,99,99,0,30,0,18.5,1,14,0,1045,22.3999996185303
"621",0,42,1,0,0,1,0,0,0,99,99,0,38,0,18.5,1,14,0,1045,22.3999996185303
"622",0,68,1,1,0,0,0,0,0,99,99,0,29,0,18.5,1,14,0,1045,22.3999996185303
"623",0,38,1,1,0,0,0,0,0,99,99,1,24,0,18.5,1,14,0,1045,22.3999996185303
"624",1,33,1,1,0,0,0,0,0,99,99,0,18,0,18.5,1,14,0,1045,22.3999996185303
"625",0,47,0,99,99,99,99,99,0,99,99,0,19,0,18.5,1,14,0,1045,22.3999996185303
"626",1,55,1,1,0,0,0,0,0,99,99,0,31,0,18.5,1,14,0,1045,22.3999996185303
"627",1,32,0,99,99,99,99,99,0,99,99,0,15,0,15.5,1,14,0,1046,21.7999992370605
"628",0,28,1,1,0,0,0,0,0,99,99,0,27,0,15.5,1,14,0,1046,21.7999992370605
"629",0,23,0,99,99,99,99,99,0,99,99,0,23,0,15.5,1,14,0,1046,21.7999992370605
"630",1,42,1,1,0,0,0,0,1,1,1,0,16,0,15.5,1,14,0,1046,21.7999992370605
"631",0,53,0,99,99,99,99,99,0,99,99,1,41,0,15.5,1,14,0,1046,21.7999992370605
"632",0,46,1,0,0,1,0,0,0,99,99,0,21,0,15.5,1,14,0,1046,21.7999992370605
"633",1,29,0,99,99,99,99,99,0,99,99,0,25,0,15.5,1,14,0,1046,21.7999992370605
"634",0,31,1,1,0,0,1,0,0,99,99,1,27,0,15.5,1,14,0,1046,21.7999992370605
"635",1,29,0,99,99,99,99,99,0,99,99,1,34,0,15.5,1,14,0,1046,21.7999992370605
"636",0,26,0,99,99,99,99,99,0,99,99,0,21,0,15.5,1,14,0,1046,21.7999992370605
"637",0,49,1,0,0,1,0,0,0,99,99,0,25,0,15.5,1,14,0,1046,21.7999992370605
"638",0,27,1,1,0,0,0,0,0,99,99,0,24,0,15.5,1,14,0,1046,21.7999992370605
"639",1,28,0,99,99,99,99,99,0,99,99,0,15,0,11,1,14,0,1048,21.7999992370605
"640",0,43,1,1,0,0,0,0,0,99,99,0,29,0,11,1,14,0,1048,21.7999992370605
"641",0,26,0,99,99,99,99,99,0,99,99,0,21,0,11,1,14,0,1048,21.7999992370605
"642",0,67,0,99,99,99,99,99,0,99,99,1,31,0,11,1,14,0,1048,21.7999992370605
"643",0,22,1,1,0,0,0,0,0,99,99,0,19,0,11,1,14,0,1048,21.7999992370605
"644",0,23,1,1,0,0,0,0,0,99,99,0,24,0,11,1,14,0,1048,21.7999992370605
"645",1,37,1,1,0,0,0,0,0,99,99,0,19,0,11,1,14,0,1048,21.7999992370605
"646",1,32,0,99,99,99,99,99,0,99,99,1,24,0,11,1,14,0,1048,21.7999992370605
"647",1,35,0,99,99,99,99,99,0,99,99,0,25,0,11,1,14,0,1048,21.7999992370605
"648",0,24,1,1,0,0,0,0,0,99,99,0,29,0,11,1,14,0,1048,21.7999992370605
"649",1,30,1,1,0,0,0,0,0,99,99,0,22,0,8.5,1,14,0,2001,16.2000007629395
"650",0,25,1,1,0,0,0,0,0,99,99,0,20,0,8.5,1,14,0,2001,16.2000007629395
"651",0,20,0,99,99,99,99,99,0,99,99,0,23,0,8.5,1,14,0,2001,16.2000007629395
"652",1,26,0,99,99,99,99,99,0,99,99,0,16,0,8.5,1,14,0,2001,16.2000007629395
"653",0,63,0,99,99,99,99,99,1,1,0,1,32,0,8.5,1,14,0,2001,16.2000007629395
"654",0,36,1,1,0,0,0,0,0,99,99,0,23,0,8.5,1,14,0,2001,16.2000007629395
"655",0,24,1,1,0,0,0,0,0,99,99,1,22,0,8.5,1,14,0,2001,16.2000007629395
"656",0,30,0,99,99,99,99,99,0,99,99,1,33,0,14.5,1,14,0,2002,24.6000003814697
"657",0,43,0,99,99,99,99,99,1,1,1,0,27,0,14.5,1,14,0,2002,24.6000003814697
"658",0,35,0,99,99,99,99,99,0,99,99,1,33,0,14.5,1,14,0,2002,24.6000003814697
"659",1,53,0,99,99,99,99,99,0,99,99,0,24,0,14.5,1,14,0,2002,24.6000003814697
"660",1,46,0,99,99,99,99,99,0,99,99,0,28,0,14.5,1,14,0,2002,24.6000003814697
"661",0,38,1,1,0,0,0,0,0,99,99,1,40,0,14.5,1,14,0,2002,24.6000003814697
"662",1,26,1,0,0,1,0,0,0,99,99,1,27,0,14.5,1,14,0,2002,24.6000003814697
"663",0,47,1,1,0,0,0,0,0,99,99,1,30,0,14.5,1,14,0,2002,24.6000003814697
"664",0,26,1,1,0,0,0,0,0,99,99,0,23,0,17,1,14,0,2003,16.8999996185303
"665",1,66,0,99,99,99,99,99,0,99,99,0,22,0,17,1,14,0,2003,16.8999996185303
"666",0,35,0,99,99,99,99,99,0,99,99,1,26,0,17,1,14,0,2003,16.8999996185303
"667",0,54,1,0,0,1,0,0,0,99,99,0,21,0,17,1,14,0,2003,16.8999996185303
"668",1,26,0,99,99,99,99,99,0,99,99,1,18,0,17,1,14,0,2003,16.8999996185303
"669",1,76,1,0,1,0,0,0,0,99,99,0,25,0,17,1,14,0,2003,16.8999996185303
"670",0,45,0,99,99,99,99,99,0,99,99,0,26,0,17,1,14,0,2003,16.8999996185303
"671",1,47,1,1,0,0,0,0,0,99,99,0,20,0,17,1,14,0,2003,16.8999996185303
"672",0,52,1,1,0,0,0,0,0,99,99,0,24,0,17,1,14,0,2003,16.8999996185303
"673",1,30,0,99,99,99,99,99,0,99,99,0,24,0,17,1,14,0,2003,16.8999996185303
"674",0,26,1,0,0,1,0,0,0,99,99,0,23,0,17,1,14,0,2003,16.8999996185303
"675",0,56,1,1,0,0,0,0,0,99,99,0,22,0,5,1,14,0,2009,21.2999992370605
"676",0,34,0,99,99,99,99,99,1,0,99,0,24,0,5,1,14,0,2009,21.2999992370605
"677",0,70,1,1,0,0,0,0,0,99,99,0,29,0,5,1,14,0,2009,21.2999992370605
"678",0,36,0,99,99,99,99,99,0,99,99,0,24,0,5,1,14,0,2009,21.2999992370605
"679",0,34,0,99,99,99,99,99,0,99,99,0,24,0,11.5,1,14,0,2010,16
"680",0,73,1,1,0,0,0,0,0,99,99,0,9,0,11.5,1,14,0,2010,16
"681",0,28,0,99,99,99,99,99,0,99,99,1,28,0,11.5,1,14,0,2010,16
"682",1,23,0,99,99,99,99,99,0,99,99,0,26,0,11.5,1,14,0,2010,16
"683",1,63,1,0,0,1,0,0,0,99,99,0,31,0,20,1,14,0,2012,18.2999992370605
"684",0,28,1,1,0,0,0,0,0,99,99,0,28,0,20,1,14,0,2012,18.2999992370605
"685",1,49,0,99,99,99,99,99,0,99,99,0,22,0,20,1,14,0,2012,18.2999992370605
"686",0,27,1,1,0,0,1,0,0,99,99,0,26,0,20,1,14,0,2012,18.2999992370605
"687",1,25,0,99,99,99,99,99,0,99,99,0,19,0,20,1,14,0,2012,18.2999992370605
"688",1,42,0,99,99,99,99,99,0,99,99,0,34,0,20,1,14,0,2012,18.2999992370605
"689",1,53,1,1,0,0,0,0,0,99,99,1,24,0,20,1,14,0,2012,18.2999992370605
"690",1,28,0,99,99,99,99,99,0,99,99,0,22,0,20,1,14,0,2012,18.2999992370605
"691",0,26,0,99,99,99,99,99,0,99,99,0,35,0,20,1,14,0,2012,18.2999992370605
"692",1,29,0,99,99,99,99,99,0,99,99,1,24,0,20,1,14,0,2012,18.2999992370605
"693",0,33,1,1,0,0,0,0,0,99,99,0,28,0,20,1,14,0,2012,18.2999992370605
"694",0,34,1,1,0,0,1,1,1,0,99,1,32,0,20,1,14,0,2012,18.2999992370605
"695",1,36,1,0,0,1,0,0,0,99,99,0,20,0,4,1,14,0,2013,22
"696",1,42,0,99,99,99,99,99,0,99,99,0,25,0,4,1,14,0,2013,22
"697",0,28,0,99,99,99,99,99,0,99,99,0,35,0,11,1,14,0,2014,16.2000007629395
"698",0,56,1,1,0,0,0,0,0,99,99,0,25,0,11,1,14,0,2014,16.2000007629395
"699",0,32,1,1,0,0,0,0,0,99,99,0,25,0,11,1,14,0,2014,16.2000007629395
"700",0,27,0,99,99,99,99,99,0,99,99,0,24,0,11,1,14,0,2014,16.2000007629395
"701",0,45,1,1,0,0,0,0,0,99,99,0,25,0,12.5,1,14,0,2015,16.8999996185303
"702",0,63,1,0,1,0,0,0,0,99,99,0,33,0,12.5,1,14,0,2015,16.8999996185303
"703",0,28,0,99,99,99,99,99,0,99,99,1,24,0,12.5,1,14,0,2015,16.8999996185303
"704",0,33,1,1,0,0,0,0,0,99,99,0,25,0,12.5,1,14,0,2015,16.8999996185303
"705",1,36,0,99,99,99,99,99,0,99,99,0,27,0,12.5,1,14,0,2015,16.8999996185303
"706",1,36,0,99,99,99,99,99,0,99,99,1,29,0,12.5,1,14,0,2015,16.8999996185303
"707",0,62,1,1,0,0,0,0,0,99,99,0,20,0,12.5,1,14,0,2015,16.8999996185303
"708",0,49,0,99,99,99,99,99,0,99,99,0,23,0,12.5,1,14,0,2015,16.8999996185303
"709",0,24,1,1,0,0,0,0,0,99,99,0,26,0,15.5,1,14,0,2018,23.5
"710",0,33,0,99,99,99,99,99,0,99,99,1,22,0,15.5,1,14,0,2018,23.5
"711",0,63,1,1,0,0,0,0,0,99,99,0,26,0,5,1,14,0,2019,21.2999992370605
"712",0,64,1,1,0,0,0,0,0,99,99,0,14,0,5,1,14,0,2019,21.2999992370605
"713",0,53,0,99,99,99,99,99,0,99,99,0,29,0,5,1,14,0,2019,21.2999992370605
"714",0,36,0,99,99,99,99,99,0,99,99,0,20,0,5,1,14,0,2019,21.2999992370605
"715",1,26,1,1,0,0,0,0,0,99,99,0,26,0,9,1,14,0,2020,22.8999996185303
"716",1,46,0,99,99,99,99,99,0,99,99,0,26,0,9,1,14,0,2020,22.8999996185303
"717",1,26,1,1,0,0,1,0,0,99,99,0,23,0,22,1,14,0,2025,25
"718",1,20,0,99,99,99,99,99,0,99,99,1,28,0,22,1,14,0,2025,25
"719",1,26,0,99,99,99,99,99,1,1,1,0,29,0,22,1,14,0,2025,25
"720",1,23,1,1,0,0,0,0,0,99,99,0,24,0,22,1,14,0,2025,25
"721",1,77,1,1,0,0,0,0,0,99,99,0,27,0,22,1,14,0,2025,25
"722",0,33,0,99,99,99,99,99,0,99,99,1,32,0,22,1,14,0,2025,25
"723",0,42,0,99,99,99,99,99,0,99,99,0,23,0,22,1,14,0,2025,25
"724",0,74,1,1,0,0,1,0,1,1,0,0,54,0,22,1,14,0,2025,25
"725",1,50,0,99,99,99,99,99,0,99,99,0,24,0,22,1,14,0,2025,25
"726",0,24,1,1,0,0,0,0,0,99,99,1,30,0,22,1,14,0,2025,25
"727",1,76,1,0,0,1,0,0,1,0,99,0,50,0,20.5,1,14,0,2026,25
"728",0,27,0,99,99,99,99,99,1,0,99,1,32,0,20.5,1,14,0,2026,25
"729",1,42,1,1,0,0,0,0,0,99,99,1,32,0,20.5,1,14,0,2026,25
"730",0,24,0,99,99,99,99,99,1,1,0,1,26,0,20.5,1,14,0,2026,25
"731",1,34,0,99,99,99,99,99,0,99,99,0,26,0,33.5,1,14,0,2029,26
"732",0,33,1,1,0,0,1,0,0,99,99,1,33,0,33.5,1,14,0,2029,26
"733",1,25,0,99,99,99,99,99,0,99,99,0,22,0,33.5,1,14,0,2029,26
"734",1,53,0,99,99,99,99,99,0,99,99,0,42,0,33.5,1,14,0,2029,26
"735",0,28,1,1,0,0,0,0,0,99,99,0,31,0,33.5,1,14,0,2029,26
"736",1,40,1,1,0,0,0,0,0,99,99,1,27,0,33.5,1,14,0,2029,26
"737",0,55,1,1,0,0,0,0,0,99,99,1,29,0,33.5,1,14,0,2029,26
"738",1,38,0,99,99,99,99,99,1,1,1,1,46,0,33.5,1,14,0,2029,26
"739",1,42,0,99,99,99,99,99,0,99,99,0,22,0,33.5,1,14,0,2029,26
"740",0,47,1,1,0,0,1,0,0,99,99,1,35,0,33.5,1,14,0,2029,26
"741",0,54,1,1,0,0,0,0,0,99,99,0,20,0,33.5,1,14,0,2029,26
"742",0,32,1,1,0,0,0,0,1,0,99,0,24,0,33.5,1,14,0,2029,26
"743",0,22,0,99,99,99,99,99,0,99,99,0,25,0,33.5,1,14,0,2029,26
"744",1,27,0,99,99,99,99,99,0,99,99,1,32,0,33.5,1,14,0,2029,26
"745",0,32,0,99,99,99,99,99,0,99,99,0,35,0,8,1,14,0,2032,16
"746",1,40,1,1,0,0,0,0,0,99,99,0,25,0,8,1,14,0,2032,16
"747",1,54,0,99,99,99,99,99,0,99,99,1,39,0,8,1,14,0,2032,16
"748",1,67,1,1,0,0,0,0,0,99,99,0,31,0,8,1,14,0,2032,16
"749",0,28,1,1,0,0,0,0,0,99,99,0,26,0,8,1,14,0,2032,16
"750",1,24,0,99,99,99,99,99,0,99,99,0,22,0,8,1,14,0,2032,16
"751",0,27,0,99,99,99,99,99,1,1,1,0,22,0,8,1,14,0,2032,16
"752",0,56,1,1,0,0,0,0,0,99,99,0,26,0,8,1,14,0,2032,16
"753",1,47,0,99,99,99,99,99,0,99,99,0,26,0,8,1,14,0,2032,16
"754",1,40,1,1,0,0,0,0,0,99,99,0,22,0,8,1,14,0,2032,16
"755",1,38,0,99,99,99,99,99,0,99,99,0,33,0,11,1,14,0,2034,22.8999996185303
"756",0,27,1,0,0,1,0,0,0,99,99,0,30,0,11,1,14,0,2034,22.8999996185303
"757",0,30,1,1,0,0,0,0,0,99,99,0,18,0,11,1,14,0,2034,22.8999996185303
"758",0,29,0,99,99,99,99,99,0,99,99,1,24,0,11,1,14,0,2034,22.8999996185303
"759",0,39,0,99,99,99,99,99,0,99,99,1,30,0,22,1,14,0,2035,24.6000003814697
"760",1,26,1,1,0,0,0,0,0,99,99,1,24,0,22,1,14,0,2035,24.6000003814697
"761",0,40,1,1,0,0,0,0,0,99,99,0,45,0,12.5,1,14,0,2036,22
"762",1,48,0,99,99,99,99,99,0,99,99,0,22,0,12.5,1,14,0,2036,22
"763",0,34,0,99,99,99,99,99,0,99,99,1,20,0,12.5,1,14,0,2036,22
"764",1,36,1,1,0,0,0,0,0,99,99,0,21,0,12.5,1,14,0,2036,22
"765",1,33,0,99,99,99,99,99,0,99,99,1,27,0,12.5,1,14,0,2036,22
"766",1,33,1,1,0,0,0,0,0,99,99,0,25,0,12.5,1,14,0,2036,22
"767",0,52,1,1,0,0,0,0,0,99,99,0,30,0,24,1,14,0,2043,18.2999992370605
"768",1,23,1,1,0,0,0,0,0,99,99,0,25,0,24,1,14,0,2043,18.2999992370605
"769",1,44,0,99,99,99,99,99,0,99,99,0,23,0,24,1,14,0,2043,18.2999992370605
"770",0,50,1,1,0,0,0,0,0,99,99,1,28,0,24,1,14,0,2043,18.2999992370605
"771",1,42,0,99,99,99,99,99,0,99,99,0,22,0,24,1,14,0,2043,18.2999992370605
"772",0,56,0,99,99,99,99,99,0,99,99,0,52,0,24,1,14,0,2043,18.2999992370605
"773",1,43,1,1,0,0,0,0,0,99,99,0,23,0,24,1,14,0,2043,18.2999992370605
"774",0,20,0,99,99,99,99,99,0,99,99,1,26,0,24,1,14,0,2043,18.2999992370605
"775",0,35,1,1,0,0,0,0,0,99,99,0,22,0,24,1,14,0,2043,18.2999992370605
"776",0,43,0,99,99,99,99,99,0,99,99,0,30,0,24,1,14,0,2043,18.2999992370605
"777",1,58,0,99,99,99,99,99,0,99,99,0,22,0,24,1,14,0,2043,18.2999992370605
"778",0,15,1,1,0,0,0,0,0,99,99,1,29,0,24,1,14,0,2043,18.2999992370605
"779",1,35,0,99,99,99,99,99,0,99,99,0,26,0,35,1,14,0,2045,26
"780",0,26,1,1,0,0,0,0,0,99,99,0,26,0,35,1,14,0,2045,26
"781",1,27,1,0,0,1,0,0,1,1,0,0,20,0,23,1,14,0,3001,13.8999996185303
"782",0,42,1,1,0,0,0,0,0,99,99,0,26,0,23,1,14,0,3001,13.8999996185303
"783",1,24,0,99,99,99,99,99,0,99,99,0,20,0,23,1,14,0,3001,13.8999996185303
"784",1,41,0,99,99,99,99,99,0,99,99,0,20,0,23,1,14,0,3001,13.8999996185303
"785",0,26,0,99,99,99,99,99,0,99,99,0,19,0,23,1,14,0,3001,13.8999996185303
"786",1,24,0,99,99,99,99,99,0,99,99,1,31,0,23,1,14,0,3001,13.8999996185303
"787",0,38,1,1,0,0,0,0,1,1,1,0,22,0,23,1,14,0,3001,13.8999996185303
"788",1,60,1,0,0,1,0,0,0,99,99,1,26,0,23,1,14,0,3001,13.8999996185303
"789",1,26,0,99,99,99,99,99,0,99,99,0,21,0,23,1,14,0,3001,13.8999996185303
"790",1,43,1,1,0,0,0,0,0,99,99,0,23,0,23,1,14,0,3001,13.8999996185303
"791",1,35,1,1,0,0,0,0,0,99,99,0,18,0,23,1,14,0,3001,13.8999996185303
"792",0,46,0,99,99,99,99,99,0,99,99,1,29,0,23,1,14,0,3001,13.8999996185303
"793",0,42,0,99,99,99,99,99,0,99,99,0,35,0,23,1,14,0,3001,13.8999996185303
"794",1,66,1,0,1,0,0,0,0,99,99,0,24,0,23,1,14,0,3001,13.8999996185303
"795",0,21,1,0,1,0,0,0,0,99,99,1,29,0,19.5,1,14,0,3002,12.3999996185303
"796",1,27,0,99,99,99,99,99,1,1,0,0,21,0,19.5,1,14,0,3002,12.3999996185303
"797",1,47,0,99,99,99,99,99,1,1,1,0,22,0,19.5,1,14,0,3002,12.3999996185303
"798",1,25,1,0,0,1,0,0,0,99,99,0,23,0,19.5,1,14,0,3002,12.3999996185303
"799",1,33,1,0,0,1,0,0,0,99,99,0,23,0,19.5,1,14,0,3002,12.3999996185303
"800",0,19,0,99,99,99,99,99,0,99,99,0,17,0,19.5,1,14,0,3002,12.3999996185303
"801",0,57,1,0,1,0,0,0,0,99,99,0,32,0,19.5,1,14,0,3002,12.3999996185303
"802",0,61,0,99,99,99,99,99,0,99,99,1,33,0,19.5,1,14,0,3002,12.3999996185303
"803",1,43,0,99,99,99,99,99,1,1,1,0,48,0,19.5,1,14,0,3002,12.3999996185303
"804",0,34,1,1,0,0,0,0,0,99,99,0,17,0,19.5,1,14,0,3002,12.3999996185303
"805",0,19,0,99,99,99,99,99,0,99,99,0,18,0,19.5,1,14,0,3002,12.3999996185303
"806",0,49,1,1,0,0,0,1,0,99,99,0,23,1,19.5,1,14,0,3002,12.3999996185303
"807",0,48,0,99,99,99,99,99,0,99,99,0,24,0,19.5,1,14,0,3002,12.3999996185303
"808",1,27,1,1,0,0,0,0,0,99,99,0,15,0,19.5,1,14,0,3002,12.3999996185303
"809",0,67,0,99,99,99,99,99,0,99,99,0,30,0,11,1,14,0,3003,14.5
"810",1,53,0,99,99,99,99,99,1,1,1,0,22,0,11,1,14,0,3003,14.5
"811",0,33,1,1,0,0,0,0,0,99,99,0,26,0,11,1,14,0,3003,14.5
"812",1,65,1,1,0,0,0,0,0,99,99,0,22,0,11,1,14,0,3003,14.5
"813",0,26,1,1,0,0,0,0,0,99,99,0,22,0,11,1,14,0,3003,14.5
"814",0,25,0,99,99,99,99,99,0,99,99,0,27,0,11,1,14,0,3003,14.5
"815",1,74,1,1,0,0,0,0,0,99,99,1,33,0,11,1,14,0,3003,14.5
"816",1,61,0,99,99,99,99,99,0,99,99,0,24,0,11,1,14,0,3003,14.5
"817",1,79,1,1,0,0,0,0,0,99,99,0,34,0,11,1,14,0,3003,14.5
"818",0,24,0,99,99,99,99,99,0,99,99,0,26,0,11,1,14,0,3003,14.5
"819",1,28,1,1,0,0,0,0,0,99,99,0,23,0,11,1,14,0,3003,14.5
"820",1,35,1,0,1,0,0,0,0,99,99,0,22,0,11,1,14,0,3003,14.5
"821",1,48,0,99,99,99,99,99,0,99,99,0,21,0,11,1,14,0,3003,14.5
"822",0,62,0,99,99,99,99,99,0,99,99,0,24,0,11,1,14,0,3003,14.5
"823",0,37,0,99,99,99,99,99,0,99,99,0,21,0,13,1,14,0,3004,15.3999996185303
"824",0,38,1,1,0,0,0,0,0,99,99,0,23,0,13,1,14,0,3004,15.3999996185303
"825",0,17,0,99,99,99,99,99,0,99,99,0,28,0,13,1,14,0,3004,15.3999996185303
"826",1,24,1,1,0,0,0,0,1,0,99,0,16,0,13,1,14,0,3004,15.3999996185303
"827",1,52,1,1,0,0,0,0,0,99,99,0,25,0,13,1,14,0,3004,15.3999996185303
"828",0,40,1,1,0,0,0,0,0,99,99,0,15,0,13,1,14,0,3004,15.3999996185303
"829",1,38,0,99,99,99,99,99,0,99,99,0,23,0,13,1,14,0,3004,15.3999996185303
"830",0,29,0,99,99,99,99,99,0,99,99,0,19,0,13,1,14,0,3004,15.3999996185303
"831",1,36,0,99,99,99,99,99,0,99,99,0,22,0,13.5,1,14,0,3005,14.5
"832",0,40,0,99,99,99,99,99,0,99,99,0,32,0,13.5,1,14,0,3005,14.5
"833",0,19,0,99,99,99,99,99,0,99,99,0,20,0,13.5,1,14,0,3005,14.5
"834",1,46,1,1,0,0,0,0,0,99,99,0,23,0,13.5,1,14,0,3005,14.5
"835",0,45,1,0,1,0,0,99,0,99,99,0,27,0,13.5,1,14,0,3005,14.5
"836",1,27,0,99,99,99,99,99,1,0,99,0,18,0,13.5,1,14,0,3005,14.5
"837",0,49,0,99,99,99,99,99,0,99,99,0,22,0,13.5,1,14,0,3005,14.5
"838",1,32,1,0,0,1,0,0,1,1,1,0,21,0,13.5,1,14,0,3005,14.5
"839",1,38,1,0,0,1,0,0,0,99,99,1,42,0,13.5,1,14,0,3005,14.5
"840",0,34,1,0,0,1,0,0,0,99,99,1,30,0,13.5,1,14,0,3005,14.5
"841",1,44,0,99,99,99,99,99,0,99,99,0,22,0,13.5,1,14,0,3005,14.5
"842",1,57,1,1,0,0,1,0,0,99,99,1,23,0,13.5,1,14,0,3005,14.5
"843",1,47,1,1,0,0,0,0,0,99,99,0,21,0,13.5,1,14,0,3005,14.5
"844",1,88,0,99,99,99,99,99,0,99,99,0,16,0,13.5,1,14,0,3005,14.5
"845",0,22,1,0,0,1,0,0,0,99,99,1,28,0,10.5,1,14,0,3006,13.8999996185303
"846",0,41,0,99,99,99,99,99,0,99,99,0,23,0,10.5,1,14,0,3006,13.8999996185303
"847",1,24,1,1,0,0,0,0,0,99,99,0,16,0,10.5,1,14,0,3006,13.8999996185303
"848",1,47,1,0,1,0,0,0,0,99,99,0,27,0,10.5,1,14,0,3006,13.8999996185303
"849",0,36,0,99,99,99,99,99,0,99,99,0,23,0,10.5,1,14,0,3006,13.8999996185303
"850",1,66,0,99,99,99,99,99,0,99,99,0,23,0,10.5,1,14,0,3006,13.8999996185303
"851",1,37,0,99,99,99,99,99,0,99,99,0,26,0,10.5,1,14,0,3006,13.8999996185303
"852",0,22,0,99,99,99,99,99,0,99,99,1,24,0,10.5,1,14,0,3006,13.8999996185303
"853",1,25,0,99,99,99,99,99,0,99,99,0,17,0,10.5,1,14,0,3006,13.8999996185303
"854",1,26,1,1,0,0,0,0,0,99,99,0,19,0,10.5,1,14,0,3006,13.8999996185303
"855",0,34,1,1,0,0,0,0,0,99,99,0,34,0,10.5,1,14,0,3006,13.8999996185303
"856",0,28,1,1,0,0,0,0,0,99,99,0,22,0,10.5,1,14,0,3006,13.8999996185303
"857",0,32,1,0,1,0,0,0,0,99,99,0,32,0,10.5,1,14,0,3006,13.8999996185303
"858",1,32,0,99,99,99,99,99,0,99,99,0,20,0,10.5,1,14,0,3006,13.8999996185303
"859",0,57,1,1,0,0,0,0,0,99,99,0,47,0,8.5,1,14,0,3007,15.3999996185303
"860",1,66,0,99,99,99,99,99,0,99,99,0,24,0,8.5,1,14,0,3007,15.3999996185303
"861",1,25,1,1,0,0,0,0,0,99,99,0,22,0,8.5,1,14,0,3007,15.3999996185303
"862",1,46,1,1,0,0,0,0,0,99,99,1,24,0,8.5,1,14,0,3007,15.3999996185303
"863",0,28,0,99,99,99,99,99,0,99,99,0,24,0,8.5,1,14,0,3007,15.3999996185303
"864",1,36,0,99,99,99,99,99,0,99,99,0,19,0,8.5,1,14,0,3007,15.3999996185303
"865",1,44,0,99,99,99,99,99,1,1,1,0,27,0,8.5,1,14,0,3007,15.3999996185303
"866",1,62,1,0,1,0,0,0,1,1,1,0,26,0,8.5,1,14,0,3007,15.3999996185303
"867",0,45,1,0,1,0,0,0,0,99,99,0,21,0,8.5,1,14,0,3007,15.3999996185303
"868",1,24,0,99,99,99,99,99,0,99,99,0,26,0,8.5,1,14,0,3007,15.3999996185303
"869",1,36,1,1,0,0,0,0,0,99,99,0,21,0,8.5,1,14,0,3007,15.3999996185303
"870",1,33,1,1,0,0,0,0,0,99,99,1,23,0,8.5,1,14,0,3007,15.3999996185303
"871",0,27,0,99,99,99,99,99,1,1,0,1,25,0,8.5,1,14,0,3007,15.3999996185303
"872",0,50,0,99,99,99,99,99,0,99,99,0,26,0,8.5,1,14,0,3007,15.3999996185303
"873",1,55,0,99,99,99,99,99,0,99,99,0,23,0,21.5,1,14,0,3008,11.8000001907349
"874",0,24,1,0,1,0,0,0,0,99,99,1,22,0,21.5,1,14,0,3008,11.8000001907349
"875",1,46,0,99,99,99,99,99,0,99,99,0,21,0,21.5,1,14,0,3008,11.8000001907349
"876",0,26,1,1,0,0,0,0,0,99,99,0,26,0,21.5,1,14,0,3008,11.8000001907349
"877",1,26,1,1,0,0,0,0,0,99,99,0,16,0,21.5,1,14,0,3008,11.8000001907349
"878",1,28,0,99,99,99,99,99,0,99,99,0,18,0,21.5,1,14,0,3008,11.8000001907349
"879",1,26,0,99,99,99,99,99,1,1,1,0,20,0,21.5,1,14,0,3008,11.8000001907349
"880",0,24,1,1,0,0,0,0,0,99,99,0,24,0,21.5,1,14,0,3008,11.8000001907349
"881",1,28,0,99,99,99,99,99,0,99,99,0,18,0,21.5,1,14,0,3008,11.8000001907349
"882",1,35,1,1,0,0,0,99,0,99,99,0,22,0,21.5,1,14,0,3008,11.8000001907349
"883",0,54,0,99,99,99,99,99,0,99,99,0,26,0,19,1,14,0,3010,11.8000001907349
"884",1,28,0,99,99,99,99,99,0,99,99,0,23,0,19,1,14,0,3010,11.8000001907349
"885",0,36,0,99,99,99,99,99,0,99,99,1,28,0,19,1,14,0,3010,11.8000001907349
"886",1,24,0,99,99,99,99,99,0,99,99,0,20,0,19,1,14,0,3010,11.8000001907349
"887",0,53,1,1,0,0,0,0,0,99,99,0,26,0,19,1,14,0,3010,11.8000001907349
"888",0,38,1,1,0,0,0,0,1,0,99,0,24,0,19,1,14,0,3010,11.8000001907349
"889",1,26,1,1,0,0,0,0,0,99,99,0,26,0,19,1,14,0,3010,11.8000001907349
"890",1,46,1,1,0,0,0,0,0,99,99,0,22,0,19,1,14,0,3010,11.8000001907349
"891",1,63,1,0,1,0,0,0,0,99,99,0,64,0,19,1,14,0,3010,11.8000001907349
"892",1,33,0,99,99,99,99,99,0,99,99,0,23,0,19,1,14,0,3010,11.8000001907349
"893",0,57,1,1,0,0,0,0,0,99,99,0,25,0,19,1,14,0,3010,11.8000001907349
"894",1,32,0,99,99,99,99,99,0,99,99,0,23,0,19,1,14,0,3010,11.8000001907349
"895",0,26,1,0,0,1,0,0,0,99,99,0,36,0,19,1,14,0,3010,11.8000001907349
"896",0,25,0,99,99,99,99,99,1,1,1,0,21,0,19,1,14,0,3010,11.8000001907349
